season,event_date,nano,market,name,alias,rush_att,rush_yds,rush_tds,pass_cmp,pass_att,pass_cmp_pct,pass_yds,pass_tds,pass_int,passer_rating,net_pass_yds,total_yds,times_sacked,yds_sacked_for,fumbles,fumbles_lost,turnovers,penalties,penalty_yds,first_downs,third_down_conv,third_down_att,third_down_conv_pct,fourth_down_conv,fourth_down_att,fourth_down_conv_pct,time_of_possession,boxscore_stats_link
2023,12/4/2023,RtOjnciWkJPaL,Jacksonville,Jaguars,JAC,25,71,2,31,39,0.795,321,2,0,118.056,305,376,4,16,3,0,0,7,55,23,6,15,0.4,2,2,1,2052,https://www.pro-football-reference.com/boxscores/202312040jax.htm
2023,12/4/2023,22ZdibiqvfA2D,Cincinnati,Bengals,CIN,31,156,3,33,39,0.846,347,1,1,101.603,335,491,2,12,0,0,1,6,35,27,8,14,0.571,1,2,0.5,2043,https://www.pro-football-reference.com/boxscores/202312040jax.htm
2023,12/3/2023,u98I1lDKQBwZ0,Los Angeles,Rams,LA,25,120,1,22,37,0.595,279,3,0,110.079,279,399,0,0,0,0,0,7,45,20,4,12,0.333,0,0,0,1557,https://www.pro-football-reference.com/boxscores/202312030ram.htm
2023,12/3/2023,oiGiwWPf0UqMC,Kansas City,Chiefs,KC,25,148,1,21,33,0.636,210,1,1,79.104,189,337,3,21,0,0,1,5,50,25,7,11,0.636,0,1,0,1768,https://www.pro-football-reference.com/boxscores/202312030gnb.htm
2023,12/3/2023,mfbu6O5aMHbJg,Miami,Dolphins,MIA,34,123,3,19,25,0.76,283,2,0,139.25,283,406,0,0,0,0,0,2,15,20,7,13,0.538,2,2,1,1936,https://www.pro-football-reference.com/boxscores/202312030was.htm
2023,12/3/2023,mexvMWO2v1hWn,New York,Jets,NYJ,25,62,0,19,38,0.5,214,0,1,56.25,197,259,4,17,4,2,3,11,71,14,2,15,0.133,2,3,0.667,1826,https://www.pro-football-reference.com/boxscores/202312030nyj.htm
2023,12/3/2023,mLspw4gJNTQGN,Atlanta,Falcons,ATL,34,90,0,12,27,0.444,121,1,0,70.139,104,194,3,17,3,0,0,6,55,15,4,14,0.286,0,0,0,1774,https://www.pro-football-reference.com/boxscores/202312030nyj.htm
2023,12/3/2023,ltMyRE3yvVUaw,Tennessee,Titans,TEN,42,177,2,16,33,0.485,224,1,0,80.871,204,381,6,20,4,2,2,9,74,25,6,17,0.353,0,1,0,2306,https://www.pro-football-reference.com/boxscores/202312030oti.htm
2023,12/3/2023,jJBGuksuDJF5L,Carolina,Panthers,CAR,34,133,2,15,31,0.484,178,0,1,52.89,149,282,4,29,2,0,1,7,62,15,3,15,0.2,1,3,0.333,2022,https://www.pro-football-reference.com/boxscores/202312030tam.htm
2023,12/3/2023,hjjmgzxilGWdr,Philadelphia,Eagles,PHI,18,46,1,28,48,0.583,314,1,0,84.896,287,333,3,27,1,0,0,7,47,23,8,15,0.533,1,2,0.5,1899,https://www.pro-football-reference.com/boxscores/202312030phi.htm
2023,12/3/2023,VkxV91RtzHn65,New England,Patriots,NE,32,148,0,13,25,0.52,141,0,0,68.917,109,257,5,32,2,1,1,3,14,13,4,14,0.286,1,3,0.333,1870,https://www.pro-football-reference.com/boxscores/202312030nwe.htm
2023,12/3/2023,UI0Ax4HUEXFh6,Houston,Texans,HOU,30,89,1,17,28,0.607,292,1,0,108.036,264,353,5,28,1,0,0,8,81,14,4,16,0.25,1,1,1,1984,https://www.pro-football-reference.com/boxscores/202312030htx.htm
2023,12/3/2023,SlVgURDFI7EXX,Pittsburgh,Steelers,PIT,31,130,0,18,27,0.667,187,1,0,98.843,187,317,0,0,2,1,1,9,77,18,4,11,0.364,0,1,0,1843,https://www.pro-football-reference.com/boxscores/202312030pit.htm
2023,12/3/2023,SjaMbkmeizJD4,Los Angeles,Chargers,LAC,24,29,0,22,37,0.595,212,0,0,75.507,212,241,0,0,0,0,0,4,20,13,5,15,0.333,0,0,0,1730,https://www.pro-football-reference.com/boxscores/202312030nwe.htm
2023,12/3/2023,QMAZH1v922YLu,Tampa Bay,Buccaneers,TB,28,128,2,14,29,0.483,202,1,1,68.463,194,322,1,8,0,0,1,5,36,15,6,15,0.4,0,0,0,1578,https://www.pro-football-reference.com/boxscores/202312030tam.htm
2023,12/3/2023,LJmHetie5VbbO,Indianapolis,Colts,IND,23,55,0,26,42,0.619,312,2,0,100.496,300,355,3,12,3,2,2,4,29,19,3,14,0.214,1,1,1,1743,https://www.pro-football-reference.com/boxscores/202312030oti.htm
2023,12/3/2023,IwSI92ZDKoazn,San Francisco,49ers,SF,28,146,2,19,27,0.704,314,4,0,148.765,310,456,2,4,1,0,0,5,47,24,8,11,0.727,1,1,1,1701,https://www.pro-football-reference.com/boxscores/202312030phi.htm
2023,12/3/2023,IR4gIYmh269EI,Cleveland,Browns,CLE,23,87,0,23,44,0.523,254,2,1,75.379,240,327,2,14,0,0,1,7,86,20,7,16,0.438,0,2,0,2043,https://www.pro-football-reference.com/boxscores/202312030ram.htm
2023,12/3/2023,GJizlkzQFaqGA,Arizona,Cardinals,ARI,38,150,2,13,23,0.565,145,1,0,89.946,132,282,2,13,2,0,0,6,51,18,10,17,0.588,0,0,0,1757,https://www.pro-football-reference.com/boxscores/202312030pit.htm
2023,12/3/2023,FCuH1wdksA2DQ,Detroit,Lions,DET,30,142,2,16,25,0.64,213,2,0,117.583,205,347,1,8,1,0,0,6,45,18,6,13,0.462,0,0,0,1670,https://www.pro-football-reference.com/boxscores/202312030nor.htm
2023,12/3/2023,D5QY6bOxfn8ZL,Green Bay,Packers,GB,25,129,0,25,36,0.694,267,3,0,118.634,253,382,2,14,0,0,0,7,63,24,5,10,0.5,1,1,1,1832,https://www.pro-football-reference.com/boxscores/202312030gnb.htm
2023,12/3/2023,CI5mhfNa0Zqd2,New Orleans,Saints,NO,36,113,3,19,29,0.655,267,1,1,92.17,249,362,2,18,1,1,2,6,50,23,6,12,0.5,0,1,0,1930,https://www.pro-football-reference.com/boxscores/202312030nor.htm
2023,12/3/2023,9JtBk8kFeaGEs,Washington,Football Team,WAS,28,138,2,12,23,0.522,127,0,1,50.453,107,245,3,20,1,0,1,3,31,11,6,14,0.429,1,1,1,1664,https://www.pro-football-reference.com/boxscores/202312030was.htm
2023,12/3/2023,6DclFuycdPaOB,Denver,Broncos,DEN,30,118,1,15,26,0.577,186,1,3,53.205,164,282,3,22,0,0,3,2,8,16,0,11,0,3,3,1,1616,https://www.pro-football-reference.com/boxscores/202312030htx.htm
2023,11/30/2023,KdjU81i7YSFE7,Dallas,Cowboys,DAL,34,136,1,29,41,0.707,299,3,0,115.803,275,411,4,24,0,0,0,9,127,33,8,14,0.571,1,2,0.5,2187,https://www.pro-football-reference.com/boxscores/202311300dal.htm
2023,11/30/2023,4M8AK5p0WXs1N,Seattle,Seahawks,SEA,22,72,2,23,41,0.561,334,3,1,97.002,334,406,1,0,0,0,1,10,130,25,9,14,0.643,0,3,0,1413,https://www.pro-football-reference.com/boxscores/202311300dal.htm
2023,11/27/2023,AzOs5UWsXusSW,Minnesota,Vikings,MIN,17,73,0,22,32,0.688,185,1,4,54.297,169,242,2,16,2,0,4,4,24,15,2,9,0.222,0,2,0,1450,https://www.pro-football-reference.com/boxscores/202311270min.htm
2023,11/27/2023,1vVmWGzUZ1rea,Chicago,Bears,CHI,28,118,0,27,37,0.73,217,0,0,87.331,199,317,3,18,3,2,2,7,76,18,8,18,0.444,1,1,1,2150,https://www.pro-football-reference.com/boxscores/202311270min.htm
2023,11/26/2023,zyhFXj1nywrm1,Baltimore,Ravens,BAL,35,197,1,18,32,0.562,177,1,0,82.422,164,361,2,13,1,0,0,5,42,20,4,13,0.308,1,3,0.333,2003,https://www.pro-football-reference.com/boxscores/202311260sdg.htm
2023,11/26/2023,u98I1lDKQBwZ0,Los Angeles,Rams,LA,33,228,1,25,33,0.758,229,4,1,121.086,229,457,0,0,0,0,1,5,23,25,6,12,0.5,2,2,1,2092,https://www.pro-football-reference.com/boxscores/202311260crd.htm
2023,11/26/2023,oiGiwWPf0UqMC,Kansas City,Chiefs,KC,23,69,2,27,34,0.794,298,2,0,122.794,291,360,1,7,0,0,0,4,40,23,5,11,0.455,0,0,0,1845,https://www.pro-football-reference.com/boxscores/202311260rai.htm
2023,11/26/2023,n8CuHV9wbYCqF,New York,Giants,NYG,19,58,0,17,25,0.68,191,1,0,103.917,162,220,6,29,3,1,1,4,37,10,4,13,0.308,0,0,0,1554,https://www.pro-football-reference.com/boxscores/202311260nyg.htm
2023,11/26/2023,mLspw4gJNTQGN,Atlanta,Falcons,ATL,41,228,1,13,21,0.619,168,1,2,63.294,168,396,0,0,0,0,2,5,35,25,4,8,0.5,0,1,0,1706,https://www.pro-football-reference.com/boxscores/202311260atl.htm
2023,11/26/2023,ltMyRE3yvVUaw,Tennessee,Titans,TEN,24,80,2,18,28,0.643,185,0,0,83.185,184,264,1,1,0,0,0,8,53,15,2,11,0.182,1,1,1,1571,https://www.pro-football-reference.com/boxscores/202311260oti.htm
2023,11/26/2023,jJBGuksuDJF5L,Carolina,Panthers,CAR,32,96,1,18,31,0.581,194,0,0,76.546,162,258,4,32,1,1,1,4,35,19,6,16,0.375,2,3,0.667,2029,https://www.pro-football-reference.com/boxscores/202311260oti.htm
2023,11/26/2023,hjjmgzxilGWdr,Philadelphia,Eagles,PHI,32,185,2,18,31,0.581,200,3,1,96.169,193,378,2,7,1,1,2,4,30,24,4,11,0.364,0,0,0,1613,https://www.pro-football-reference.com/boxscores/202311260phi.htm
2023,11/26/2023,VkxV91RtzHn65,New England,Patriots,NE,31,147,1,21,35,0.6,143,0,3,33.393,136,283,2,7,3,0,3,2,13,18,4,14,0.286,2,2,1,2046,https://www.pro-football-reference.com/boxscores/202311260nyg.htm
2023,11/26/2023,UI0Ax4HUEXFh6,Houston,Texans,HOU,18,91,1,26,36,0.722,304,2,0,115.972,261,352,4,43,0,0,0,7,49,19,6,13,0.462,0,1,0,1566,https://www.pro-football-reference.com/boxscores/202311260htx.htm
2023,11/26/2023,SlVgURDFI7EXX,Pittsburgh,Steelers,PIT,33,153,1,24,33,0.727,278,0,0,97.79,268,421,2,10,1,1,1,5,55,22,8,17,0.471,0,0,0,2237,https://www.pro-football-reference.com/boxscores/202311260cin.htm
2023,11/26/2023,SjaMbkmeizJD4,Los Angeles,Chargers,LAC,19,86,0,29,44,0.659,217,1,1,75.663,193,279,3,24,3,3,4,5,41,16,7,15,0.467,1,3,0.333,1597,https://www.pro-football-reference.com/boxscores/202311260sdg.htm
2023,11/26/2023,RtOjnciWkJPaL,Jacksonville,Jaguars,JAC,30,81,1,23,38,0.605,364,1,1,90.241,364,445,0,0,0,0,1,6,35,22,7,13,0.538,0,0,0,2034,https://www.pro-football-reference.com/boxscores/202311260htx.htm
2023,11/26/2023,QMAZH1v922YLu,Tampa Bay,Buccaneers,TB,19,125,0,20,31,0.645,199,2,1,90.659,173,298,6,26,2,1,2,4,24,17,5,13,0.385,1,1,1,1719,https://www.pro-football-reference.com/boxscores/202311260clt.htm
2023,11/26/2023,LZoDld8s63xUs,Las Vegas,Raiders,LV,23,123,1,23,34,0.676,248,1,0,98.652,235,358,1,13,0,0,0,0,0,16,7,14,0.5,0,2,0,1755,https://www.pro-football-reference.com/boxscores/202311260rai.htm
2023,11/26/2023,LJmHetie5VbbO,Indianapolis,Colts,IND,27,155,3,24,41,0.585,251,0,1,66.209,239,394,2,12,1,0,1,5,40,26,2,11,0.182,3,4,0.75,1881,https://www.pro-football-reference.com/boxscores/202311260clt.htm
2023,11/26/2023,IR4gIYmh269EI,Cleveland,Browns,CLE,24,107,0,20,42,0.476,190,1,0,68.552,162,269,4,28,5,3,3,8,66,19,2,13,0.154,2,5,0.4,1632,https://www.pro-football-reference.com/boxscores/202311260den.htm
2023,11/26/2023,GJizlkzQFaqGA,Arizona,Cardinals,ARI,15,73,1,27,45,0.6,256,1,0,83.194,219,292,4,37,0,0,0,5,34,19,6,17,0.353,2,3,0.667,1508,https://www.pro-football-reference.com/boxscores/202311260crd.htm
2023,11/26/2023,CI5mhfNa0Zqd2,New Orleans,Saints,NO,28,148,0,24,38,0.632,304,0,1,77.083,296,444,1,8,2,1,2,6,50,22,6,14,0.429,0,0,0,1894,https://www.pro-football-reference.com/boxscores/202311260atl.htm
2023,11/26/2023,6DclFuycdPaOB,Denver,Broncos,DEN,39,169,2,13,22,0.591,134,1,0,91.856,125,294,1,9,2,1,1,8,71,17,6,14,0.429,0,1,0,1968,https://www.pro-football-reference.com/boxscores/202311260den.htm
2023,11/26/2023,3VqeLK0LS9rpw,Buffalo,Bills,BUF,40,173,2,29,51,0.569,339,2,1,82.067,332,505,1,7,1,0,1,11,80,29,13,22,0.591,1,1,1,2430,https://www.pro-football-reference.com/boxscores/202311260phi.htm
2023,11/26/2023,22ZdibiqvfA2D,Cincinnati,Bengals,CIN,11,25,0,19,26,0.731,227,1,1,96.154,197,222,4,30,1,0,1,5,36,10,2,10,0.2,0,0,0,1363,https://www.pro-football-reference.com/boxscores/202311260cin.htm
2023,11/24/2023,mfbu6O5aMHbJg,Miami,Dolphins,MIA,37,167,2,21,30,0.7,243,1,2,77.5,228,395,2,15,2,1,3,6,38,22,11,16,0.688,0,1,0,2141,https://www.pro-football-reference.com/boxscores/202311240nyj.htm
2023,11/24/2023,mexvMWO2v1hWn,New York,Jets,NYJ,10,29,0,27,38,0.711,179,1,2,67.763,130,159,7,49,2,0,2,6,60,12,5,14,0.357,2,3,0.667,1459,https://www.pro-football-reference.com/boxscores/202311240nyj.htm
2023,11/23/2023,KdjU81i7YSFE7,Dallas,Cowboys,DAL,18,100,1,22,32,0.688,331,4,0,142.057,331,431,0,0,1,0,0,7,48,21,6,10,0.6,0,0,0,1386,https://www.pro-football-reference.com/boxscores/202311230dal.htm
2023,11/23/2023,IwSI92ZDKoazn,San Francisco,49ers,SF,33,169,3,21,31,0.677,209,1,1,83.938,208,377,1,1,1,0,1,3,20,23,5,11,0.455,0,0,0,2130,https://www.pro-football-reference.com/boxscores/202311230sea.htm
2023,11/23/2023,FCuH1wdksA2DQ,Detroit,Lions,DET,31,140,1,29,44,0.659,332,2,0,103.598,324,464,3,8,3,3,3,7,51,25,7,15,0.467,1,5,0.2,1916,https://www.pro-football-reference.com/boxscores/202311230det.htm
2023,11/23/2023,D5QY6bOxfn8ZL,Green Bay,Packers,GB,22,109,0,22,32,0.688,268,3,0,125.521,268,377,0,0,0,0,0,7,60,17,5,11,0.455,0,1,0,1684,https://www.pro-football-reference.com/boxscores/202311230det.htm
2023,11/23/2023,9JtBk8kFeaGEs,Washington,Football Team,WAS,27,108,1,28,44,0.636,300,0,1,74.053,268,376,4,32,0,0,1,4,25,23,7,15,0.467,0,3,0,2214,https://www.pro-football-reference.com/boxscores/202311230dal.htm
2023,11/23/2023,4M8AK5p0WXs1N,Seattle,Seahawks,SEA,21,88,0,18,27,0.667,180,0,1,69.985,132,220,6,48,1,1,2,5,39,14,3,11,0.273,0,1,0,1470,https://www.pro-football-reference.com/boxscores/202311230sea.htm
2023,11/20/2023,oiGiwWPf0UqMC,Kansas City,Chiefs,KC,30,168,0,24,43,0.558,177,2,1,71.56,168,336,1,9,1,1,2,7,55,23,8,17,0.471,2,3,0.667,1921,https://www.pro-football-reference.com/boxscores/202311200kan.htm
2023,11/20/2023,hjjmgzxilGWdr,Philadelphia,Eagles,PHI,27,114,3,14,22,0.636,150,0,1,64.583,124,238,5,26,1,0,1,7,61,16,3,11,0.273,0,0,0,1679,https://www.pro-football-reference.com/boxscores/202311200kan.htm
2023,11/19/2023,u98I1lDKQBwZ0,Los Angeles,Rams,LA,27,82,1,17,31,0.548,190,1,1,70.632,185,267,1,5,0,0,1,9,92,20,2,9,0.222,0,1,0,1674,https://www.pro-football-reference.com/boxscores/202311190ram.htm
2023,11/19/2023,n8CuHV9wbYCqF,New York,Giants,NYG,19,91,0,18,26,0.692,246,3,0,137.66,201,292,9,45,0,0,0,5,33,13,5,14,0.357,0,1,0,1509,https://www.pro-football-reference.com/boxscores/202311190was.htm
2023,11/19/2023,mfbu6O5aMHbJg,Miami,Dolphins,MIA,28,99,0,28,39,0.718,325,2,1,103.045,323,422,1,2,2,2,3,5,44,21,3,11,0.273,0,1,0,1935,https://www.pro-football-reference.com/boxscores/202311190mia.htm
2023,11/19/2023,mexvMWO2v1hWn,New York,Jets,NYJ,18,63,0,15,30,0.5,132,1,2,45.417,92,155,6,40,2,2,4,5,35,14,0,11,0,4,5,0.8,1389,https://www.pro-football-reference.com/boxscores/202311190buf.htm
2023,11/19/2023,ltMyRE3yvVUaw,Tennessee,Titans,TEN,19,92,0,13,17,0.765,158,2,0,143.75,143,235,2,15,2,2,2,7,66,12,2,7,0.286,1,1,1,1414,https://www.pro-football-reference.com/boxscores/202311190jax.htm
2023,11/19/2023,jJBGuksuDJF5L,Carolina,Panthers,CAR,23,110,0,16,29,0.552,123,1,1,62.859,77,187,7,46,2,1,2,8,90,13,5,15,0.333,3,3,1,1719,https://www.pro-football-reference.com/boxscores/202311190car.htm
2023,11/19/2023,UI0Ax4HUEXFh6,Houston,Texans,HOU,25,111,1,28,38,0.737,338,2,3,85.197,308,419,4,30,0,0,3,3,19,22,9,13,0.692,0,1,0,1875,https://www.pro-football-reference.com/boxscores/202311190htx.htm
2023,11/19/2023,SlVgURDFI7EXX,Pittsburgh,Steelers,PIT,26,172,1,15,28,0.536,106,0,0,62.5,77,249,3,29,0,0,0,6,46,12,3,14,0.214,1,1,1,1713,https://www.pro-football-reference.com/boxscores/202311190cle.htm
2023,11/19/2023,SjaMbkmeizJD4,Los Angeles,Chargers,LAC,24,150,0,21,36,0.583,260,2,0,99.306,244,394,2,16,2,1,1,4,54,17,7,14,0.5,0,2,0,1682,https://www.pro-football-reference.com/boxscores/202311190gnb.htm
2023,11/19/2023,RtOjnciWkJPaL,Jacksonville,Jaguars,JAC,36,128,2,24,32,0.75,262,2,0,119.531,261,389,1,1,0,0,0,4,29,24,4,12,0.333,3,4,0.75,2186,https://www.pro-football-reference.com/boxscores/202311190jax.htm
2023,11/19/2023,QMAZH1v922YLu,Tampa Bay,Buccaneers,TB,18,66,1,29,45,0.644,246,1,1,76.713,221,287,4,25,2,1,2,3,19,22,7,14,0.5,1,3,0.333,1749,https://www.pro-football-reference.com/boxscores/202311190sfo.htm
2023,11/19/2023,LZoDld8s63xUs,Las Vegas,Raiders,LV,16,36,0,24,41,0.585,271,1,3,56.047,260,296,2,11,0,0,3,5,41,12,4,14,0.286,0,2,0,1665,https://www.pro-football-reference.com/boxscores/202311190mia.htm
2023,11/19/2023,KdjU81i7YSFE7,Dallas,Cowboys,DAL,27,107,1,27,41,0.659,204,2,0,93.953,204,311,0,0,0,0,0,5,45,23,7,16,0.438,0,0,0,1881,https://www.pro-football-reference.com/boxscores/202311190car.htm
2023,11/19/2023,IwSI92ZDKoazn,San Francisco,49ers,SF,30,115,0,21,25,0.84,333,3,0,158.333,305,420,4,28,0,0,0,7,66,22,4,10,0.4,0,1,0,1851,https://www.pro-football-reference.com/boxscores/202311190sfo.htm
2023,11/19/2023,IR4gIYmh269EI,Cleveland,Browns,CLE,29,96,1,24,43,0.558,165,0,1,54.893,163,259,1,2,0,0,1,1,10,20,4,17,0.235,1,1,1,1887,https://www.pro-football-reference.com/boxscores/202311190cle.htm
2023,11/19/2023,GJizlkzQFaqGA,Arizona,Cardinals,ARI,25,123,1,20,30,0.667,214,1,1,84.583,196,319,3,18,2,1,2,5,50,20,3,10,0.3,1,4,0.25,1725,https://www.pro-football-reference.com/boxscores/202311190htx.htm
2023,11/19/2023,FCuH1wdksA2DQ,Detroit,Lions,DET,22,115,2,23,35,0.657,236,2,3,68.274,223,338,2,13,1,1,4,5,25,23,8,11,0.727,0,0,0,1176,https://www.pro-football-reference.com/boxscores/202311190det.htm
2023,11/19/2023,D5QY6bOxfn8ZL,Green Bay,Packers,GB,28,102,1,27,40,0.675,322,2,0,108.542,295,397,3,27,3,0,0,7,46,23,7,14,0.5,0,1,0,1918,https://www.pro-football-reference.com/boxscores/202311190gnb.htm
2023,11/19/2023,AzOs5UWsXusSW,Minnesota,Vikings,MIN,36,175,1,20,32,0.625,221,1,1,80.339,210,385,2,11,4,2,3,6,55,19,6,15,0.4,3,4,0.75,2098,https://www.pro-football-reference.com/boxscores/202311190den.htm
2023,11/19/2023,9JtBk8kFeaGEs,Washington,Football Team,WAS,28,174,1,31,45,0.689,256,1,3,62.824,230,404,4,26,4,3,6,1,5,28,5,13,0.385,1,1,1,2091,https://www.pro-football-reference.com/boxscores/202311190was.htm
2023,11/19/2023,6DclFuycdPaOB,Denver,Broncos,DEN,15,46,0,27,35,0.771,259,1,0,106.726,249,295,2,10,1,0,0,4,48,13,2,12,0.167,1,1,1,1502,https://www.pro-football-reference.com/boxscores/202311190den.htm
2023,11/19/2023,4M8AK5p0WXs1N,Seattle,Seahawks,SEA,21,68,0,24,40,0.6,236,1,1,74.583,223,291,2,13,0,0,1,12,130,16,5,15,0.333,2,2,1,1926,https://www.pro-football-reference.com/boxscores/202311190ram.htm
2023,11/19/2023,3VqeLK0LS9rpw,Buffalo,Bills,BUF,38,130,0,20,32,0.625,275,3,1,108.203,263,393,1,12,1,0,1,8,77,22,5,13,0.385,1,1,1,2211,https://www.pro-football-reference.com/boxscores/202311190buf.htm
2023,11/19/2023,1vVmWGzUZ1rea,Chicago,Bears,CHI,46,183,1,16,23,0.696,169,1,0,105.163,151,334,2,18,2,1,1,6,69,25,5,13,0.385,2,2,1,2424,https://www.pro-football-reference.com/boxscores/202311190det.htm
2023,11/16/2023,zyhFXj1nywrm1,Baltimore,Ravens,BAL,31,157,2,16,26,0.615,264,2,0,121.314,248,405,3,16,1,0,0,9,110,22,6,12,0.5,0,0,0,1837,https://www.pro-football-reference.com/boxscores/202311160rav.htm
2023,11/16/2023,22ZdibiqvfA2D,Cincinnati,Bengals,CIN,23,136,0,19,31,0.613,169,2,0,97.379,136,272,5,33,0,0,0,9,78,20,2,11,0.182,1,1,1,1763,https://www.pro-football-reference.com/boxscores/202311160rav.htm
2023,11/13/2023,6DclFuycdPaOB,Denver,Broncos,DEN,38,122,0,24,29,0.828,193,2,0,117.385,178,300,4,15,1,1,1,10,61,19,8,19,0.421,1,1,1,2241,https://www.pro-football-reference.com/boxscores/202311130buf.htm
2023,11/13/2023,3VqeLK0LS9rpw,Buffalo,Bills,BUF,26,192,2,15,26,0.577,177,1,2,59.295,177,369,0,0,3,2,4,5,63,18,3,8,0.375,0,1,0,1359,https://www.pro-football-reference.com/boxscores/202311130buf.htm
2023,11/12/2023,zyhFXj1nywrm1,Baltimore,Ravens,BAL,24,106,2,13,23,0.565,223,1,2,67.844,200,306,3,23,0,0,2,7,64,18,2,8,0.25,0,0,0,1545,https://www.pro-football-reference.com/boxscores/202311120rav.htm
2023,11/12/2023,n8CuHV9wbYCqF,New York,Giants,NYG,23,111,0,14,27,0.519,86,2,1,67.824,61,172,5,25,0,0,1,2,5,16,0,12,0,2,3,0.667,1359,https://www.pro-football-reference.com/boxscores/202311120dal.htm
2023,11/12/2023,mexvMWO2v1hWn,New York,Jets,NYJ,21,108,0,23,40,0.575,263,0,1,66.979,257,365,2,6,1,0,1,8,83,14,7,16,0.438,0,0,0,1782,https://www.pro-football-reference.com/boxscores/202311120rai.htm
2023,11/12/2023,mLspw4gJNTQGN,Atlanta,Falcons,ATL,41,184,2,12,21,0.571,94,1,0,84.226,70,254,3,24,0,0,0,4,43,20,7,14,0.5,1,2,0.5,1902,https://www.pro-football-reference.com/boxscores/202311120crd.htm
2023,11/12/2023,ltMyRE3yvVUaw,Tennessee,Titans,TEN,16,42,0,19,39,0.487,199,0,1,53.259,167,209,4,32,0,0,1,5,35,14,6,15,0.4,0,2,0,1700,https://www.pro-football-reference.com/boxscores/202311120tam.htm
2023,11/12/2023,VkxV91RtzHn65,New England,Patriots,NE,36,167,0,18,27,0.667,195,0,2,56.867,173,340,5,22,1,0,2,5,34,21,6,14,0.429,1,1,1,2065,https://www.pro-football-reference.com/boxscores/202311120nwe.htm
2023,11/12/2023,UI0Ax4HUEXFh6,Houston,Texans,HOU,34,188,2,23,39,0.59,356,1,1,87.126,356,544,1,0,2,2,3,7,50,28,4,13,0.308,0,1,0,1890,https://www.pro-football-reference.com/boxscores/202311120cin.htm
2023,11/12/2023,SlVgURDFI7EXX,Pittsburgh,Steelers,PIT,36,205,2,14,23,0.609,126,0,0,75.634,119,324,1,7,0,0,0,3,27,21,4,13,0.308,1,1,1,1833,https://www.pro-football-reference.com/boxscores/202311120pit.htm
2023,11/12/2023,SjaMbkmeizJD4,Los Angeles,Chargers,LAC,28,98,1,27,40,0.675,323,4,1,114.896,323,421,0,0,0,0,1,3,36,24,7,14,0.5,3,3,1,1766,https://www.pro-football-reference.com/boxscores/202311120sdg.htm
2023,11/12/2023,RtOjnciWkJPaL,Jacksonville,Jaguars,JAC,17,59,0,18,32,0.562,190,0,2,47.656,162,221,5,28,2,2,4,5,39,12,4,12,0.333,0,1,0,1609,https://www.pro-football-reference.com/boxscores/202311120jax.htm
2023,11/12/2023,QMAZH1v922YLu,Tampa Bay,Buccaneers,TB,29,77,0,18,29,0.621,278,2,1,102.371,263,340,3,15,1,0,1,7,50,19,7,15,0.467,0,0,0,1900,https://www.pro-football-reference.com/boxscores/202311120tam.htm
2023,11/12/2023,LZoDld8s63xUs,Las Vegas,Raiders,LV,32,148,0,16,27,0.593,153,1,1,71.991,126,274,3,27,3,1,2,3,25,15,5,15,0.333,2,2,1,1818,https://www.pro-football-reference.com/boxscores/202311120rai.htm
2023,11/12/2023,LJmHetie5VbbO,Indianapolis,Colts,IND,26,70,1,18,28,0.643,194,0,1,69.643,194,264,0,0,0,0,1,4,34,14,5,13,0.385,2,2,1,1535,https://www.pro-football-reference.com/boxscores/202311120nwe.htm
2023,11/12/2023,KdjU81i7YSFE7,Dallas,Cowboys,DAL,33,168,3,33,44,0.75,472,4,2,120.644,472,640,0,0,0,0,2,9,83,32,6,12,0.5,1,2,0.5,2241,https://www.pro-football-reference.com/boxscores/202311120dal.htm
2023,11/12/2023,IwSI92ZDKoazn,San Francisco,49ers,SF,30,144,1,20,28,0.714,302,3,0,142.262,293,437,2,9,0,0,0,7,90,20,4,12,0.333,1,2,0.5,1991,https://www.pro-football-reference.com/boxscores/202311120jax.htm
2023,11/12/2023,IR4gIYmh269EI,Cleveland,Browns,CLE,36,178,1,20,35,0.571,213,1,1,72.679,195,373,4,18,2,1,2,10,55,24,8,16,0.5,1,2,0.5,2055,https://www.pro-football-reference.com/boxscores/202311120rav.htm
2023,11/12/2023,GJizlkzQFaqGA,Arizona,Cardinals,ARI,26,122,2,19,32,0.594,249,0,1,70.964,230,352,2,19,0,0,1,11,112,20,3,11,0.273,1,1,1,1698,https://www.pro-football-reference.com/boxscores/202311120crd.htm
2023,11/12/2023,FCuH1wdksA2DQ,Detroit,Lions,DET,31,200,3,23,33,0.697,333,2,0,122.412,333,533,0,0,0,0,0,4,44,23,4,13,0.308,4,5,0.8,1834,https://www.pro-football-reference.com/boxscores/202311120sdg.htm
2023,11/12/2023,D5QY6bOxfn8ZL,Green Bay,Packers,GB,24,116,0,21,40,0.525,289,2,2,71.771,283,399,1,6,2,0,2,5,32,17,8,16,0.5,2,2,1,1767,https://www.pro-football-reference.com/boxscores/202311120pit.htm
2023,11/12/2023,CI5mhfNa0Zqd2,New Orleans,Saints,NO,15,65,0,26,43,0.605,232,2,2,71.076,215,280,3,17,1,0,2,9,74,16,4,14,0.286,2,2,1,1614,https://www.pro-football-reference.com/boxscores/202311120min.htm
2023,11/12/2023,AzOs5UWsXusSW,Minnesota,Vikings,MIN,33,125,2,23,34,0.676,268,1,0,101.103,263,388,1,5,0,0,0,5,35,23,6,15,0.4,0,0,0,1986,https://www.pro-football-reference.com/boxscores/202311120min.htm
2023,11/12/2023,9JtBk8kFeaGEs,Washington,Football Team,WAS,14,68,0,29,44,0.659,312,3,0,109.28,288,356,3,24,1,1,1,6,39,16,7,15,0.467,1,1,1,1773,https://www.pro-football-reference.com/boxscores/202311120sea.htm
2023,11/12/2023,4M8AK5p0WXs1N,Seattle,Seahawks,SEA,26,120,0,31,47,0.66,369,2,0,103.945,369,489,1,0,0,0,0,8,50,27,4,14,0.286,1,1,1,1827,https://www.pro-football-reference.com/boxscores/202311120sea.htm
2023,11/12/2023,22ZdibiqvfA2D,Cincinnati,Bengals,CIN,16,66,1,27,40,0.675,347,2,2,90.312,314,380,4,33,1,0,2,4,63,20,6,14,0.429,1,1,1,1710,https://www.pro-football-reference.com/boxscores/202311120cin.htm
2023,11/9/2023,jJBGuksuDJF5L,Carolina,Panthers,CAR,16,43,0,21,38,0.553,185,0,0,68.421,170,213,3,15,1,0,0,5,45,12,3,15,0.2,3,3,1,1589,https://www.pro-football-reference.com/boxscores/202311090chi.htm
2023,11/9/2023,1vVmWGzUZ1rea,Chicago,Bears,CHI,37,133,1,20,33,0.606,162,0,0,73.043,162,295,0,0,0,0,0,7,44,21,6,15,0.4,1,1,1,2011,https://www.pro-football-reference.com/boxscores/202311090chi.htm
2023,11/6/2023,mexvMWO2v1hWn,New York,Jets,NYJ,20,64,0,33,49,0.673,263,0,0,80.57,206,270,8,57,4,3,3,8,40,17,3,17,0.176,3,4,0.75,2067,https://www.pro-football-reference.com/boxscores/202311060nyj.htm
2023,11/6/2023,SjaMbkmeizJD4,Los Angeles,Chargers,LAC,21,84,2,16,30,0.533,136,0,0,65.417,107,191,5,29,3,0,0,4,39,14,7,16,0.438,0,0,0,1533,https://www.pro-football-reference.com/boxscores/202311060nyj.htm
2023,11/5/2023,zyhFXj1nywrm1,Baltimore,Ravens,BAL,41,298,3,26,33,0.788,225,1,0,105.177,217,515,1,8,3,2,2,3,11,29,6,13,0.462,1,2,0.5,2404,https://www.pro-football-reference.com/boxscores/202311050rav.htm
2023,11/5/2023,u98I1lDKQBwZ0,Los Angeles,Rams,LA,26,68,0,13,28,0.464,130,0,1,45.238,119,187,1,11,2,1,2,5,36,10,5,14,0.357,0,2,0,1484,https://www.pro-football-reference.com/boxscores/202311050gnb.htm
2023,11/5/2023,oiGiwWPf0UqMC,Kansas City,Chiefs,KC,24,93,0,20,30,0.667,185,2,0,105.556,174,267,2,11,1,1,1,9,69,16,3,10,0.3,0,0,0,1776,https://www.pro-football-reference.com/boxscores/202311050kan.htm
2023,11/5/2023,n8CuHV9wbYCqF,New York,Giants,NYG,25,123,0,19,29,0.655,200,1,2,68.175,154,277,8,46,1,0,2,3,8,15,3,12,0.25,1,5,0.2,1864,https://www.pro-football-reference.com/boxscores/202311050rai.htm
2023,11/5/2023,mfbu6O5aMHbJg,Miami,Dolphins,MIA,21,117,1,21,34,0.618,193,1,0,87.01,175,292,3,18,3,1,1,6,45,20,3,12,0.25,0,1,0,1824,https://www.pro-football-reference.com/boxscores/202311050kan.htm
2023,11/5/2023,mLspw4gJNTQGN,Atlanta,Falcons,ATL,28,110,1,21,38,0.553,268,1,1,75.329,260,370,1,8,1,1,2,8,62,18,10,18,0.556,0,0,0,1708,https://www.pro-football-reference.com/boxscores/202311050atl.htm
2023,11/5/2023,jJBGuksuDJF5L,Carolina,Panthers,CAR,28,138,0,24,39,0.615,173,1,3,48.344,137,275,4,36,1,0,3,10,81,17,7,16,0.438,2,3,0.667,1869,https://www.pro-football-reference.com/boxscores/202311050car.htm
2023,11/5/2023,hjjmgzxilGWdr,Philadelphia,Eagles,PHI,33,109,2,17,23,0.739,207,2,0,130.163,183,292,3,24,3,0,0,10,98,20,7,14,0.5,2,2,1,1818,https://www.pro-football-reference.com/boxscores/202311050phi.htm
2023,11/5/2023,VkxV91RtzHn65,New England,Patriots,NE,19,107,1,24,44,0.545,220,1,1,66.477,220,327,0,0,0,0,1,4,30,18,3,12,0.25,1,2,0.5,1370,https://www.pro-football-reference.com/boxscores/202311050nwe.htm
2023,11/5/2023,UI0Ax4HUEXFh6,Houston,Texans,HOU,17,53,0,30,42,0.714,470,5,0,147.817,443,496,3,27,2,1,1,9,115,26,3,11,0.273,1,1,1,1720,https://www.pro-football-reference.com/boxscores/202311050htx.htm
2023,11/5/2023,QMAZH1v922YLu,Tampa Bay,Buccaneers,TB,31,81,2,21,30,0.7,265,2,0,119.444,251,332,2,14,2,1,1,9,90,21,3,13,0.231,2,2,1,1880,https://www.pro-football-reference.com/boxscores/202311050htx.htm
2023,11/5/2023,LZoDld8s63xUs,Las Vegas,Raiders,LV,34,125,3,16,25,0.64,209,0,0,90.25,209,334,0,0,0,0,0,4,30,15,5,14,0.357,0,1,0,1736,https://www.pro-football-reference.com/boxscores/202311050rai.htm
2023,11/5/2023,LJmHetie5VbbO,Indianapolis,Colts,IND,30,78,0,17,26,0.654,127,1,0,89.744,120,198,1,7,1,1,1,5,25,17,4,13,0.308,0,0,0,1731,https://www.pro-football-reference.com/boxscores/202311050car.htm
2023,11/5/2023,KdjU81i7YSFE7,Dallas,Cowboys,DAL,21,73,0,29,44,0.659,374,3,0,115.152,333,406,5,41,2,1,1,10,83,27,6,15,0.4,3,5,0.6,1782,https://www.pro-football-reference.com/boxscores/202311050phi.htm
2023,11/5/2023,IR4gIYmh269EI,Cleveland,Browns,CLE,40,113,1,19,30,0.633,219,2,0,107.5,213,326,1,6,0,0,0,6,65,17,6,17,0.353,1,2,0.5,2185,https://www.pro-football-reference.com/boxscores/202311050cle.htm
2023,11/5/2023,GJizlkzQFaqGA,Arizona,Cardinals,ARI,21,41,0,11,20,0.55,58,0,2,20.833,17,58,7,41,1,1,3,4,40,7,1,12,0.083,0,1,0,1415,https://www.pro-football-reference.com/boxscores/202311050cle.htm
2023,11/5/2023,D5QY6bOxfn8ZL,Green Bay,Packers,GB,38,184,1,20,26,0.769,228,1,0,115.545,207,391,4,21,3,2,2,8,57,21,7,14,0.5,1,1,1,2116,https://www.pro-football-reference.com/boxscores/202311050gnb.htm
2023,11/5/2023,CI5mhfNa0Zqd2,New Orleans,Saints,NO,27,87,0,26,35,0.743,214,3,0,118.036,214,301,0,0,0,0,0,1,5,18,7,14,0.5,0,1,0,1760,https://www.pro-football-reference.com/boxscores/202311050nor.htm
2023,11/5/2023,AzOs5UWsXusSW,Minnesota,Vikings,MIN,33,146,1,25,36,0.694,236,2,0,105.787,217,363,4,19,3,2,2,1,4,23,7,16,0.438,1,1,1,1892,https://www.pro-football-reference.com/boxscores/202311050atl.htm
2023,11/5/2023,9JtBk8kFeaGEs,Washington,Football Team,WAS,29,124,1,29,45,0.644,325,1,1,84.028,308,432,3,17,1,1,2,4,30,23,9,17,0.529,0,0,0,2230,https://www.pro-football-reference.com/boxscores/202311050nwe.htm
2023,11/5/2023,4M8AK5p0WXs1N,Seattle,Seahawks,SEA,15,28,0,13,28,0.464,157,0,1,49.256,123,151,4,34,1,1,2,5,29,6,1,12,0.083,0,1,0,1196,https://www.pro-football-reference.com/boxscores/202311050rav.htm
2023,11/5/2023,3VqeLK0LS9rpw,Buffalo,Bills,BUF,16,68,1,26,38,0.684,258,1,1,85.197,249,317,1,9,1,1,2,5,49,21,7,12,0.583,0,0,0,1402,https://www.pro-football-reference.com/boxscores/202311050cin.htm
2023,11/5/2023,22ZdibiqvfA2D,Cincinnati,Bengals,CIN,22,54,1,31,44,0.705,348,2,0,108.902,343,397,1,5,0,0,0,6,49,23,8,15,0.533,1,2,0.5,2198,https://www.pro-football-reference.com/boxscores/202311050cin.htm
2023,11/5/2023,1vVmWGzUZ1rea,Chicago,Bears,CHI,32,156,0,18,30,0.6,220,2,3,65.278,212,368,2,8,3,2,5,8,71,20,6,12,0.5,1,1,1,1840,https://www.pro-football-reference.com/boxscores/202311050nor.htm
2023,11/2/2023,ltMyRE3yvVUaw,Tennessee,Titans,TEN,25,105,1,22,39,0.564,262,0,1,66.4,235,340,4,27,0,0,1,7,51,23,3,13,0.231,1,2,0.5,1869,https://www.pro-football-reference.com/boxscores/202311020pit.htm
2023,11/2/2023,SlVgURDFI7EXX,Pittsburgh,Steelers,PIT,30,166,1,19,30,0.633,160,1,0,88.194,160,326,0,0,0,0,0,10,80,22,6,12,0.5,0,0,0,1731,https://www.pro-football-reference.com/boxscores/202311020pit.htm
2023,10/30/2023,LZoDld8s63xUs,Las Vegas,Raiders,LV,18,80,1,10,21,0.476,126,0,1,46.925,77,157,6,49,1,0,1,4,40,12,1,9,0.111,0,3,0,1227,https://www.pro-football-reference.com/boxscores/202310300det.htm
2023,10/30/2023,FCuH1wdksA2DQ,Detroit,Lions,DET,43,222,1,26,37,0.703,272,1,1,89.02,264,486,1,8,2,2,3,5,55,29,6,14,0.429,1,1,1,2373,https://www.pro-football-reference.com/boxscores/202310300det.htm
2023,10/29/2023,zyhFXj1nywrm1,Baltimore,Ravens,BAL,29,130,3,18,27,0.667,157,1,0,94.213,138,268,4,19,1,0,0,6,45,21,4,11,0.364,0,0,0,1779,https://www.pro-football-reference.com/boxscores/202310290crd.htm
2023,10/29/2023,u98I1lDKQBwZ0,Los Angeles,Rams,LA,24,92,1,18,32,0.562,204,1,1,72.917,188,280,2,16,0,0,1,4,25,15,4,13,0.308,1,2,0.5,1472,https://www.pro-football-reference.com/boxscores/202310290dal.htm
2023,10/29/2023,oiGiwWPf0UqMC,Kansas City,Chiefs,KC,16,62,0,24,38,0.632,240,0,2,59.101,212,274,3,28,3,3,5,5,38,18,3,10,0.3,1,3,0.333,1573,https://www.pro-football-reference.com/boxscores/202310290den.htm
2023,10/29/2023,n8CuHV9wbYCqF,New York,Giants,NYG,52,203,1,6,14,0.429,7,0,0,50.298,-9,194,4,16,2,0,0,6,73,12,2,19,0.105,0,0,0,2293,https://www.pro-football-reference.com/boxscores/202310290nyg.htm
2023,10/29/2023,mfbu6O5aMHbJg,Miami,Dolphins,MIA,26,78,1,30,45,0.667,324,3,1,100.602,312,390,2,12,1,1,2,3,25,24,5,14,0.357,3,3,1,2155,https://www.pro-football-reference.com/boxscores/202310290mia.htm
2023,10/29/2023,mexvMWO2v1hWn,New York,Jets,NYJ,22,58,0,17,36,0.472,240,1,0,78.472,193,251,4,47,2,2,2,9,85,12,2,15,0.133,0,1,0,1538,https://www.pro-football-reference.com/boxscores/202310290nyg.htm
2023,10/29/2023,mLspw4gJNTQGN,Atlanta,Falcons,ATL,26,140,1,20,34,0.588,246,1,0,91.054,202,342,6,44,1,1,1,3,15,17,4,15,0.267,1,2,0.5,1621,https://www.pro-football-reference.com/boxscores/202310290oti.htm
2023,10/29/2023,ltMyRE3yvVUaw,Tennessee,Titans,TEN,36,149,0,19,29,0.655,238,4,0,130.46,226,375,2,12,1,1,1,6,53,17,5,15,0.333,1,1,1,1979,https://www.pro-football-reference.com/boxscores/202310290oti.htm
2023,10/29/2023,jJBGuksuDJF5L,Carolina,Panthers,CAR,24,44,0,22,31,0.71,235,1,0,103.562,180,224,6,55,0,0,0,3,20,20,5,14,0.357,1,2,0.5,1829,https://www.pro-football-reference.com/boxscores/202310290car.htm
2023,10/29/2023,hjjmgzxilGWdr,Philadelphia,Eagles,PHI,22,59,1,29,38,0.763,319,4,0,135.746,315,374,2,4,2,2,2,3,14,21,8,13,0.615,1,1,1,1711,https://www.pro-football-reference.com/boxscores/202310290was.htm
2023,10/29/2023,VkxV91RtzHn65,New England,Patriots,NE,19,77,0,19,29,0.655,161,2,1,88.434,141,218,3,20,0,0,1,7,45,13,1,9,0.111,1,2,0.5,1445,https://www.pro-football-reference.com/boxscores/202310290mia.htm
2023,10/29/2023,UI0Ax4HUEXFh6,Houston,Texans,HOU,30,110,2,16,24,0.667,140,0,0,81.944,119,229,2,21,1,1,1,10,70,16,5,12,0.417,1,1,1,1771,https://www.pro-football-reference.com/boxscores/202310290car.htm
2023,10/29/2023,SlVgURDFI7EXX,Pittsburgh,Steelers,PIT,18,70,0,25,43,0.581,211,1,2,59.351,191,261,3,20,2,0,2,6,52,17,3,12,0.25,0,2,0,1544,https://www.pro-football-reference.com/boxscores/202310290pit.htm
2023,10/29/2023,SjaMbkmeizJD4,Los Angeles,Chargers,LAC,25,54,0,31,40,0.775,298,3,0,122.708,298,352,0,0,1,1,1,2,15,20,7,13,0.538,0,1,0,1888,https://www.pro-football-reference.com/boxscores/202310290sdg.htm
2023,10/29/2023,RtOjnciWkJPaL,Jacksonville,Jaguars,JAC,30,106,0,24,32,0.75,292,1,1,100,271,377,3,21,2,2,3,6,72,20,6,13,0.462,0,0,0,2056,https://www.pro-football-reference.com/boxscores/202310290pit.htm
2023,10/29/2023,LJmHetie5VbbO,Indianapolis,Colts,IND,24,164,1,23,41,0.561,213,2,1,76.575,207,371,2,6,0,0,1,6,30,19,7,16,0.438,1,1,1,1791,https://www.pro-football-reference.com/boxscores/202310290clt.htm
2023,10/29/2023,KdjU81i7YSFE7,Dallas,Cowboys,DAL,26,102,0,27,34,0.794,307,4,1,131.25,285,387,3,22,0,0,1,4,21,24,6,12,0.5,1,1,1,2128,https://www.pro-football-reference.com/boxscores/202310290dal.htm
2023,10/29/2023,IwSI92ZDKoazn,San Francisco,49ers,SF,23,113,1,22,31,0.71,365,1,2,94.153,347,460,2,18,1,1,3,5,54,24,5,9,0.556,0,0,0,1717,https://www.pro-football-reference.com/boxscores/202310290sfo.htm
2023,10/29/2023,IR4gIYmh269EI,Cleveland,Browns,CLE,40,155,1,16,32,0.5,257,1,2,61.589,230,385,3,27,1,1,3,4,25,23,6,15,0.4,0,1,0,2200,https://www.pro-football-reference.com/boxscores/202310290sea.htm
2023,10/29/2023,GJizlkzQFaqGA,Arizona,Cardinals,ARI,32,129,1,25,37,0.676,208,2,2,77.309,181,310,2,27,1,0,2,6,70,22,5,12,0.417,0,2,0,1821,https://www.pro-football-reference.com/boxscores/202310290crd.htm
2023,10/29/2023,D5QY6bOxfn8ZL,Green Bay,Packers,GB,17,74,0,24,41,0.585,229,1,1,72.104,196,270,4,33,2,0,1,11,99,16,5,14,0.357,1,4,0.25,1418,https://www.pro-football-reference.com/boxscores/202310290gnb.htm
2023,10/29/2023,CI5mhfNa0Zqd2,New Orleans,Saints,NO,36,161,3,20,29,0.69,354,2,0,133.405,350,511,1,4,1,1,1,8,73,24,6,12,0.5,0,0,0,1809,https://www.pro-football-reference.com/boxscores/202310290clt.htm
2023,10/29/2023,AzOs5UWsXusSW,Minnesota,Vikings,MIN,31,62,1,26,35,0.743,297,2,0,118.393,284,346,3,13,1,1,1,7,35,24,10,18,0.556,1,1,1,2182,https://www.pro-football-reference.com/boxscores/202310290gnb.htm
2023,10/29/2023,9JtBk8kFeaGEs,Washington,Football Team,WAS,16,84,0,39,52,0.75,397,4,1,114.022,388,472,1,9,1,0,1,7,79,26,7,12,0.583,0,3,0,1889,https://www.pro-football-reference.com/boxscores/202310290was.htm
2023,10/29/2023,6DclFuycdPaOB,Denver,Broncos,DEN,40,153,0,12,19,0.632,114,3,0,119.298,87,240,6,27,2,1,1,6,35,19,6,14,0.429,0,1,0,2027,https://www.pro-football-reference.com/boxscores/202310290den.htm
2023,10/29/2023,4M8AK5p0WXs1N,Seattle,Seahawks,SEA,17,114,1,23,37,0.622,254,2,2,77.984,248,362,1,6,1,0,2,7,43,17,4,12,0.333,1,1,1,1400,https://www.pro-football-reference.com/boxscores/202310290sea.htm
2023,10/29/2023,22ZdibiqvfA2D,Cincinnati,Bengals,CIN,27,134,1,28,32,0.875,283,3,0,134.766,266,400,3,17,2,1,1,1,15,29,3,8,0.375,0,0,0,1883,https://www.pro-football-reference.com/boxscores/202310290sfo.htm
2023,10/29/2023,1vVmWGzUZ1rea,Chicago,Bears,CHI,25,73,2,25,37,0.676,232,0,2,61.993,222,295,1,10,1,0,2,7,53,17,6,14,0.429,1,4,0.25,1712,https://www.pro-football-reference.com/boxscores/202310290sdg.htm
2023,10/26/2023,QMAZH1v922YLu,Tampa Bay,Buccaneers,TB,17,78,0,25,42,0.595,237,2,0,91.071,224,302,3,13,2,0,0,11,74,17,4,15,0.267,1,1,1,1683,https://www.pro-football-reference.com/boxscores/202310260buf.htm
2023,10/26/2023,3VqeLK0LS9rpw,Buffalo,Bills,BUF,26,115,1,31,40,0.775,324,2,1,106.667,312,427,2,12,0,0,1,9,86,25,7,13,0.538,0,1,0,1917,https://www.pro-football-reference.com/boxscores/202310260buf.htm
2023,10/23/2023,IwSI92ZDKoazn,San Francisco,49ers,SF,22,65,1,21,30,0.7,272,1,2,81.528,260,325,1,12,1,1,3,5,37,19,5,9,0.556,1,1,1,1504,https://www.pro-football-reference.com/boxscores/202310230min.htm
2023,10/23/2023,AzOs5UWsXusSW,Minnesota,Vikings,MIN,21,74,0,35,45,0.778,378,2,1,107.222,378,452,0,0,0,0,1,5,35,24,8,13,0.615,0,0,0,2096,https://www.pro-football-reference.com/boxscores/202310230min.htm
2023,10/22/2023,zyhFXj1nywrm1,Baltimore,Ravens,BAL,27,146,2,21,28,0.75,357,3,0,152.381,357,503,0,0,1,1,1,4,45,23,4,8,0.5,1,1,1,1822,https://www.pro-football-reference.com/boxscores/202310220rav.htm
2023,10/22/2023,u98I1lDKQBwZ0,Los Angeles,Rams,LA,31,135,1,14,29,0.483,231,1,1,72.629,219,354,2,12,0,0,1,5,40,19,9,16,0.562,0,0,0,1906,https://www.pro-football-reference.com/boxscores/202310220ram.htm
2023,10/22/2023,oiGiwWPf0UqMC,Kansas City,Chiefs,KC,21,68,0,32,42,0.762,424,4,1,129.464,415,483,1,9,1,1,2,6,43,25,6,11,0.545,0,0,0,1900,https://www.pro-football-reference.com/boxscores/202310220kan.htm
2023,10/22/2023,n8CuHV9wbYCqF,New York,Giants,NYG,32,106,0,18,29,0.621,279,2,0,116.882,250,356,4,29,3,2,2,4,40,16,5,16,0.312,0,0,0,1726,https://www.pro-football-reference.com/boxscores/202310220nyg.htm
2023,10/22/2023,mfbu6O5aMHbJg,Miami,Dolphins,MIA,12,45,0,23,32,0.719,216,1,1,87.5,199,244,4,17,1,0,1,10,70,12,4,11,0.364,0,2,0,1397,https://www.pro-football-reference.com/boxscores/202310220phi.htm
2023,10/22/2023,mLspw4gJNTQGN,Atlanta,Falcons,ATL,38,156,1,19,25,0.76,250,0,0,107.083,245,401,1,5,3,3,3,9,60,20,7,13,0.538,0,0,0,1799,https://www.pro-football-reference.com/boxscores/202310220tam.htm
2023,10/22/2023,hjjmgzxilGWdr,Philadelphia,Eagles,PHI,34,99,2,23,31,0.742,279,2,1,109.476,256,355,3,23,1,1,2,0,0,26,4,12,0.333,4,4,1,2203,https://www.pro-football-reference.com/boxscores/202310220phi.htm
2023,10/22/2023,VkxV91RtzHn65,New England,Patriots,NE,24,96,1,25,30,0.833,272,2,0,126.667,268,364,1,4,1,1,1,8,59,21,4,9,0.444,0,0,0,1666,https://www.pro-football-reference.com/boxscores/202310220nwe.htm
2023,10/22/2023,SlVgURDFI7EXX,Pittsburgh,Steelers,PIT,29,86,3,17,25,0.68,230,0,0,97.083,214,300,2,16,1,0,0,8,76,17,4,12,0.333,1,1,1,1694,https://www.pro-football-reference.com/boxscores/202310220ram.htm
2023,10/22/2023,SjaMbkmeizJD4,Los Angeles,Chargers,LAC,26,139,1,17,30,0.567,259,1,2,68.611,219,358,5,40,0,0,2,4,43,16,6,14,0.429,1,1,1,1700,https://www.pro-football-reference.com/boxscores/202310220kan.htm
2023,10/22/2023,QMAZH1v922YLu,Tampa Bay,Buccaneers,TB,20,73,0,27,42,0.643,275,1,1,80.952,256,329,3,19,2,1,2,9,66,21,6,12,0.5,0,1,0,1801,https://www.pro-football-reference.com/boxscores/202310220tam.htm
2023,10/22/2023,LZoDld8s63xUs,Las Vegas,Raiders,LV,14,39,0,27,45,0.6,204,1,3,50.602,196,235,1,8,0,0,3,2,15,20,2,9,0.222,2,2,1,1554,https://www.pro-football-reference.com/boxscores/202310220chi.htm
2023,10/22/2023,LJmHetie5VbbO,Indianapolis,Colts,IND,40,168,3,15,23,0.652,305,2,1,119.384,288,456,4,17,4,3,4,8,67,20,7,15,0.467,0,0,0,1951,https://www.pro-football-reference.com/boxscores/202310220clt.htm
2023,10/22/2023,IR4gIYmh269EI,Cleveland,Browns,CLE,33,150,3,16,37,0.432,183,0,2,36.205,166,316,2,17,1,0,2,4,20,18,4,16,0.25,1,2,0.5,1649,https://www.pro-football-reference.com/boxscores/202310220clt.htm
2023,10/22/2023,GJizlkzQFaqGA,Arizona,Cardinals,ARI,25,127,1,20,34,0.588,150,0,0,69.485,122,249,4,28,2,0,0,7,59,15,5,15,0.333,0,3,0,1768,https://www.pro-football-reference.com/boxscores/202310220sea.htm
2023,10/22/2023,FCuH1wdksA2DQ,Detroit,Lions,DET,14,84,1,33,53,0.623,284,0,1,68.436,253,337,5,31,2,0,1,5,57,18,5,16,0.312,2,6,0.333,1778,https://www.pro-football-reference.com/boxscores/202310220rav.htm
2023,10/22/2023,D5QY6bOxfn8ZL,Green Bay,Packers,GB,29,137,0,22,32,0.688,194,2,1,92.448,194,331,0,0,0,0,1,7,56,20,6,14,0.429,2,2,1,1897,https://www.pro-football-reference.com/boxscores/202310220den.htm
2023,10/22/2023,9JtBk8kFeaGEs,Washington,Football Team,WAS,19,76,1,22,42,0.524,249,0,1,60.516,197,273,6,52,1,0,1,10,75,14,1,15,0.067,2,3,0.667,1874,https://www.pro-football-reference.com/boxscores/202310220nyg.htm
2023,10/22/2023,6DclFuycdPaOB,Denver,Broncos,DEN,25,145,0,20,29,0.69,194,1,0,98.922,194,339,1,0,0,0,0,8,60,18,5,12,0.417,0,1,0,1703,https://www.pro-football-reference.com/boxscores/202310220den.htm
2023,10/22/2023,4M8AK5p0WXs1N,Seattle,Seahawks,SEA,32,115,0,18,24,0.75,219,2,1,113.021,203,318,2,16,2,2,3,5,32,18,7,13,0.538,0,0,0,1832,https://www.pro-football-reference.com/boxscores/202310220sea.htm
2023,10/22/2023,3VqeLK0LS9rpw,Buffalo,Bills,BUF,24,81,1,27,41,0.659,265,2,1,89.99,258,339,1,7,1,1,2,9,46,24,5,12,0.417,2,3,0.667,1934,https://www.pro-football-reference.com/boxscores/202310220nwe.htm
2023,10/22/2023,1vVmWGzUZ1rea,Chicago,Bears,CHI,38,173,2,21,29,0.724,162,1,0,97.198,150,323,2,12,1,0,0,9,110,23,8,13,0.615,0,1,0,2046,https://www.pro-football-reference.com/boxscores/202310220chi.htm
2023,10/19/2023,RtOjnciWkJPaL,Jacksonville,Jaguars,JAC,26,113,2,21,30,0.7,217,1,0,101.667,217,330,0,0,2,2,2,5,42,18,2,11,0.182,1,2,0.5,1430,https://www.pro-football-reference.com/boxscores/202310190nor.htm
2023,10/19/2023,CI5mhfNa0Zqd2,New Orleans,Saints,NO,31,112,1,33,55,0.6,301,1,1,73.371,295,407,1,6,1,0,1,3,34,25,3,18,0.167,4,6,0.667,2170,https://www.pro-football-reference.com/boxscores/202310190nor.htm
2023,10/16/2023,SjaMbkmeizJD4,Los Angeles,Chargers,LAC,23,53,0,22,37,0.595,227,2,1,83.953,219,272,1,8,0,0,1,9,79,18,5,14,0.357,1,2,0.5,1808,https://www.pro-football-reference.com/boxscores/202310160sdg.htm
2023,10/16/2023,KdjU81i7YSFE7,Dallas,Cowboys,DAL,26,96,1,21,30,0.7,272,1,0,109.306,246,342,5,26,1,1,1,11,85,20,5,13,0.385,1,2,0.5,1792,https://www.pro-football-reference.com/boxscores/202310160sdg.htm
2023,10/15/2023,zyhFXj1nywrm1,Baltimore,Ravens,BAL,39,139,0,21,30,0.7,223,1,1,88.611,221,360,1,2,0,0,1,9,88,20,8,16,0.5,0,0,0,2142,https://www.pro-football-reference.com/boxscores/202310150oti.htm
2023,10/15/2023,u98I1lDKQBwZ0,Los Angeles,Rams,LA,28,179,1,15,24,0.625,226,1,0,107.292,203,382,3,23,1,1,1,6,59,17,4,12,0.333,0,0,0,1770,https://www.pro-football-reference.com/boxscores/202310150ram.htm
2023,10/15/2023,n8CuHV9wbYCqF,New York,Giants,NYG,34,132,0,24,36,0.667,200,0,0,80.787,185,317,3,15,1,0,0,9,65,20,10,19,0.526,1,2,0.5,1884,https://www.pro-football-reference.com/boxscores/202310150buf.htm
2023,10/15/2023,mfbu6O5aMHbJg,Miami,Dolphins,MIA,33,162,3,21,32,0.656,262,3,1,109.115,262,424,0,0,1,0,1,3,25,23,7,13,0.538,0,0,0,1756,https://www.pro-football-reference.com/boxscores/202310150mia.htm
2023,10/15/2023,mexvMWO2v1hWn,New York,Jets,NYJ,21,89,1,19,33,0.576,186,0,0,73.548,155,244,5,31,0,0,0,9,68,17,2,11,0.182,0,1,0,1756,https://www.pro-football-reference.com/boxscores/202310150nyj.htm
2023,10/15/2023,mLspw4gJNTQGN,Atlanta,Falcons,ATL,29,106,0,28,47,0.596,307,2,3,66.534,296,402,3,11,0,0,3,4,31,25,5,15,0.333,1,3,0.333,2183,https://www.pro-football-reference.com/boxscores/202310150atl.htm
2023,10/15/2023,ltMyRE3yvVUaw,Tennessee,Titans,TEN,19,129,1,12,21,0.571,150,0,1,59.623,104,233,6,46,1,1,2,6,45,17,1,9,0.111,0,0,0,1458,https://www.pro-football-reference.com/boxscores/202310150oti.htm
2023,10/15/2023,jJBGuksuDJF5L,Carolina,Panthers,CAR,25,108,1,24,39,0.615,224,1,0,85.844,188,296,4,36,1,0,0,3,11,21,5,14,0.357,0,4,0,1844,https://www.pro-football-reference.com/boxscores/202310150mia.htm
2023,10/15/2023,hjjmgzxilGWdr,Philadelphia,Eagles,PHI,22,80,1,28,45,0.622,280,1,3,59.491,268,348,2,12,1,1,4,5,46,24,7,14,0.5,1,2,0.5,1844,https://www.pro-football-reference.com/boxscores/202310150nyj.htm
2023,10/15/2023,VkxV91RtzHn65,New England,Patriots,NE,19,83,2,24,33,0.727,200,0,1,75.316,176,259,4,24,0,0,1,10,79,17,6,12,0.5,0,0,0,1668,https://www.pro-football-reference.com/boxscores/202310150rai.htm
2023,10/15/2023,UI0Ax4HUEXFh6,Houston,Texans,HOU,31,120,0,13,27,0.481,199,2,1,82.176,177,297,2,22,0,0,1,3,29,19,4,11,0.364,0,0,0,1707,https://www.pro-football-reference.com/boxscores/202310150htx.htm
2023,10/15/2023,RtOjnciWkJPaL,Jacksonville,Jaguars,JAC,29,85,2,20,30,0.667,181,2,1,91.111,148,233,3,33,0,0,1,5,25,17,4,14,0.286,1,1,1,1721,https://www.pro-football-reference.com/boxscores/202310150jax.htm
2023,10/15/2023,QMAZH1v922YLu,Tampa Bay,Buccaneers,TB,16,46,0,19,37,0.514,206,0,1,56.813,205,251,1,1,0,0,1,5,33,13,2,12,0.167,1,2,0.5,1410,https://www.pro-football-reference.com/boxscores/202310150tam.htm
2023,10/15/2023,LZoDld8s63xUs,Las Vegas,Raiders,LV,33,84,0,20,32,0.625,264,1,1,85.938,264,348,0,0,0,0,1,6,42,19,8,16,0.5,0,0,0,1932,https://www.pro-football-reference.com/boxscores/202310150rai.htm
2023,10/15/2023,LJmHetie5VbbO,Indianapolis,Colts,IND,17,44,1,33,55,0.6,329,1,3,60.341,310,354,3,19,1,1,4,6,46,18,6,17,0.353,3,6,0.5,1879,https://www.pro-football-reference.com/boxscores/202310150jax.htm
2023,10/15/2023,IwSI92ZDKoazn,San Francisco,49ers,SF,25,108,1,12,27,0.444,125,1,1,55.324,107,215,3,18,1,0,1,12,105,15,3,12,0.25,0,0,0,1617,https://www.pro-football-reference.com/boxscores/202310150cle.htm
2023,10/15/2023,IR4gIYmh269EI,Cleveland,Browns,CLE,34,160,1,18,34,0.529,192,0,2,45.221,174,334,2,18,1,0,2,13,119,18,3,13,0.231,1,1,1,1983,https://www.pro-football-reference.com/boxscores/202310150cle.htm
2023,10/15/2023,GJizlkzQFaqGA,Arizona,Cardinals,ARI,30,130,0,21,41,0.512,235,0,1,58.486,215,345,2,20,1,1,2,5,36,20,6,16,0.375,2,4,0.5,1830,https://www.pro-football-reference.com/boxscores/202310150ram.htm
2023,10/15/2023,FCuH1wdksA2DQ,Detroit,Lions,DET,22,40,0,30,44,0.682,353,2,0,107.481,340,380,3,13,1,0,0,5,35,19,9,16,0.562,0,0,0,2190,https://www.pro-football-reference.com/boxscores/202310150tam.htm
2023,10/15/2023,CI5mhfNa0Zqd2,New Orleans,Saints,NO,25,89,0,33,51,0.647,357,1,1,83.538,341,430,2,16,1,1,2,7,83,24,6,15,0.4,0,2,0,1893,https://www.pro-football-reference.com/boxscores/202310150htx.htm
2023,10/15/2023,AzOs5UWsXusSW,Minnesota,Vikings,MIN,22,46,0,21,31,0.677,181,1,0,93.616,174,220,2,7,3,1,1,5,63,12,2,13,0.154,1,2,0.5,1489,https://www.pro-football-reference.com/boxscores/202310150chi.htm
2023,10/15/2023,9JtBk8kFeaGEs,Washington,Football Team,WAS,22,72,0,14,23,0.609,151,3,0,119.746,121,193,5,30,0,0,0,6,40,13,2,10,0.2,1,1,1,1417,https://www.pro-football-reference.com/boxscores/202310150atl.htm
2023,10/15/2023,4M8AK5p0WXs1N,Seattle,Seahawks,SEA,25,87,1,27,41,0.659,326,0,2,69.766,297,384,4,29,0,0,2,7,64,24,5,12,0.417,0,2,0,2041,https://www.pro-football-reference.com/boxscores/202310150cin.htm
2023,10/15/2023,3VqeLK0LS9rpw,Buffalo,Bills,BUF,29,128,0,19,30,0.633,169,2,1,86.667,169,297,0,0,1,1,2,7,51,22,6,12,0.5,0,0,0,1716,https://www.pro-football-reference.com/boxscores/202310150buf.htm
2023,10/15/2023,22ZdibiqvfA2D,Cincinnati,Bengals,CIN,15,46,0,24,35,0.686,185,2,1,88.393,168,214,3,17,0,0,1,5,43,15,3,11,0.273,0,0,0,1559,https://www.pro-football-reference.com/boxscores/202310150cin.htm
2023,10/15/2023,1vVmWGzUZ1rea,Chicago,Bears,CHI,36,162,1,16,24,0.667,141,0,2,47.396,113,275,5,28,2,1,3,5,29,18,6,14,0.429,0,1,0,2111,https://www.pro-football-reference.com/boxscores/202310150chi.htm
2023,10/12/2023,oiGiwWPf0UqMC,Kansas City,Chiefs,KC,27,96,0,30,41,0.732,306,1,1,92.124,293,389,2,13,2,0,1,7,84,22,4,13,0.308,0,1,0,2149,https://www.pro-football-reference.com/boxscores/202310120kan.htm
2023,10/12/2023,6DclFuycdPaOB,Denver,Broncos,DEN,23,115,0,13,22,0.591,95,1,2,46.591,82,197,4,13,1,1,3,3,34,14,4,10,0.4,0,1,0,1451,https://www.pro-football-reference.com/boxscores/202310120kan.htm
2023,10/9/2023,LZoDld8s63xUs,Las Vegas,Raiders,LV,29,96,1,22,31,0.71,208,1,1,86.492,183,279,4,25,0,0,1,4,28,19,5,13,0.385,1,1,1,1954,https://www.pro-football-reference.com/boxscores/202310090rai.htm
2023,10/9/2023,D5QY6bOxfn8ZL,Green Bay,Packers,GB,25,110,1,16,30,0.533,182,0,3,32.222,175,285,2,7,0,0,3,3,18,18,4,12,0.333,1,1,1,1646,https://www.pro-football-reference.com/boxscores/202310090rai.htm
2023,10/8/2023,zyhFXj1nywrm1,Baltimore,Ravens,BAL,25,125,1,22,38,0.579,236,0,1,65.241,210,335,4,26,4,2,3,2,20,19,5,14,0.357,0,2,0,1814,https://www.pro-football-reference.com/boxscores/202310080pit.htm
2023,10/8/2023,u98I1lDKQBwZ0,Los Angeles,Rams,LA,14,54,0,21,37,0.568,222,2,0,92.399,195,249,4,27,1,0,0,5,48,17,6,14,0.429,2,3,0.667,1325,https://www.pro-football-reference.com/boxscores/202310080ram.htm
2023,10/8/2023,oiGiwWPf0UqMC,Kansas City,Chiefs,KC,21,67,1,31,41,0.756,281,2,0,109.909,266,333,2,15,0,0,0,10,86,21,9,15,0.6,0,0,0,1919,https://www.pro-football-reference.com/boxscores/202310080min.htm
2023,10/8/2023,n8CuHV9wbYCqF,New York,Giants,NYG,29,85,0,23,32,0.719,205,0,0,88.672,183,268,7,22,1,0,0,6,43,15,5,17,0.294,1,2,0.5,2159,https://www.pro-football-reference.com/boxscores/202310080mia.htm
2023,10/8/2023,mfbu6O5aMHbJg,Miami,Dolphins,MIA,23,222,2,22,30,0.733,308,2,2,100.417,302,524,1,6,2,1,3,6,43,22,3,8,0.375,0,0,0,1441,https://www.pro-football-reference.com/boxscores/202310080mia.htm
2023,10/8/2023,mexvMWO2v1hWn,New York,Jets,NYJ,32,234,1,19,26,0.731,199,0,1,78.846,173,407,4,26,4,1,2,9,71,18,3,12,0.25,0,0,0,2076,https://www.pro-football-reference.com/boxscores/202310080den.htm
2023,10/8/2023,mLspw4gJNTQGN,Atlanta,Falcons,ATL,36,96,1,29,38,0.763,351,1,0,112.939,351,447,0,0,3,2,2,7,55,26,7,14,0.5,0,0,0,2132,https://www.pro-football-reference.com/boxscores/202310080atl.htm
2023,10/8/2023,ltMyRE3yvVUaw,Tennessee,Titans,TEN,22,89,1,23,35,0.657,264,0,1,76.369,259,348,1,5,0,0,1,4,58,19,5,12,0.417,1,2,0.5,1737,https://www.pro-football-reference.com/boxscores/202310080clt.htm
2023,10/8/2023,jJBGuksuDJF5L,Carolina,Panthers,CAR,23,99,0,25,41,0.61,247,3,2,82.063,243,342,1,4,2,1,3,7,45,26,5,10,0.5,1,1,1,1725,https://www.pro-football-reference.com/boxscores/202310080det.htm
2023,10/8/2023,hjjmgzxilGWdr,Philadelphia,Eagles,PHI,39,159,1,25,38,0.658,303,1,1,87.939,295,454,1,8,0,0,1,3,35,28,13,18,0.722,0,1,0,2275,https://www.pro-football-reference.com/boxscores/202310080ram.htm
2023,10/8/2023,VkxV91RtzHn65,New England,Patriots,NE,18,45,0,15,31,0.484,132,0,2,33.266,111,156,2,21,2,1,3,5,30,8,1,14,0.071,0,2,0,1226,https://www.pro-football-reference.com/boxscores/202310080nwe.htm
2023,10/8/2023,UI0Ax4HUEXFh6,Houston,Texans,HOU,23,64,0,20,35,0.571,249,1,0,88.869,249,313,0,0,0,0,0,5,25,17,4,13,0.308,0,0,0,1468,https://www.pro-football-reference.com/boxscores/202310080atl.htm
2023,10/8/2023,SlVgURDFI7EXX,Pittsburgh,Steelers,PIT,30,87,0,18,32,0.562,224,1,0,88.542,202,289,3,22,1,1,1,3,30,17,6,15,0.4,0,0,0,1786,https://www.pro-football-reference.com/boxscores/202310080pit.htm
2023,10/8/2023,RtOjnciWkJPaL,Jacksonville,Jaguars,JAC,40,196,2,25,37,0.676,315,1,0,102.872,278,474,5,37,4,2,2,8,56,29,10,18,0.556,0,0,0,2292,https://www.pro-football-reference.com/boxscores/202310080buf.htm
2023,10/8/2023,LJmHetie5VbbO,Indianapolis,Colts,IND,34,193,2,20,26,0.769,253,0,0,106.731,236,429,1,17,1,0,0,8,55,21,8,13,0.615,0,1,0,1863,https://www.pro-football-reference.com/boxscores/202310080clt.htm
2023,10/8/2023,KdjU81i7YSFE7,Dallas,Cowboys,DAL,19,57,0,16,26,0.615,161,1,3,52.404,140,197,4,21,1,1,4,6,60,8,4,11,0.364,0,1,0,1375,https://www.pro-football-reference.com/boxscores/202310080sfo.htm
2023,10/8/2023,IwSI92ZDKoazn,San Francisco,49ers,SF,41,170,2,18,25,0.72,253,4,0,143.833,251,421,1,2,1,1,1,6,45,25,6,11,0.545,0,1,0,2225,https://www.pro-football-reference.com/boxscores/202310080sfo.htm
2023,10/8/2023,GJizlkzQFaqGA,Arizona,Cardinals,ARI,22,142,1,15,32,0.469,166,2,2,57.552,152,294,3,14,1,1,3,2,16,15,4,11,0.364,0,3,0,1310,https://www.pro-football-reference.com/boxscores/202310080crd.htm
2023,10/8/2023,FCuH1wdksA2DQ,Detroit,Lions,DET,30,159,3,20,28,0.714,236,3,0,132.44,218,377,2,18,0,0,0,5,35,23,4,10,0.4,1,2,0.5,1875,https://www.pro-football-reference.com/boxscores/202310080det.htm
2023,10/8/2023,CI5mhfNa0Zqd2,New Orleans,Saints,NO,42,136,1,18,26,0.692,183,2,0,114.744,168,304,2,15,0,0,0,12,86,17,5,15,0.333,0,0,0,2374,https://www.pro-football-reference.com/boxscores/202310080nwe.htm
2023,10/8/2023,AzOs5UWsXusSW,Minnesota,Vikings,MIN,18,70,0,29,47,0.617,284,2,0,92.863,259,329,3,25,2,1,1,4,51,24,6,14,0.429,4,5,0.8,1681,https://www.pro-football-reference.com/boxscores/202310080min.htm
2023,10/8/2023,6DclFuycdPaOB,Denver,Broncos,DEN,22,139,0,20,31,0.645,196,2,0,103.696,169,308,4,27,4,3,3,4,31,18,4,10,0.4,0,0,0,1524,https://www.pro-football-reference.com/boxscores/202310080den.htm
2023,10/8/2023,3VqeLK0LS9rpw,Buffalo,Bills,BUF,14,29,1,27,40,0.675,359,2,1,101.979,359,388,0,0,2,1,2,11,109,18,5,12,0.417,0,0,0,1308,https://www.pro-football-reference.com/boxscores/202310080buf.htm
2023,10/8/2023,22ZdibiqvfA2D,Cincinnati,Bengals,CIN,30,93,0,36,46,0.783,317,3,1,108.062,287,380,3,30,1,0,1,4,40,27,5,14,0.357,0,3,0,2290,https://www.pro-football-reference.com/boxscores/202310080crd.htm
2023,10/5/2023,9JtBk8kFeaGEs,Washington,Football Team,WAS,10,29,0,37,51,0.725,388,2,1,99.142,359,388,5,29,1,1,2,1,5,23,6,12,0.5,0,1,0,1796,https://www.pro-football-reference.com/boxscores/202310050was.htm
2023,10/5/2023,1vVmWGzUZ1rea,Chicago,Bears,CHI,32,178,0,15,29,0.517,282,4,0,125.287,273,451,3,9,1,0,0,3,35,18,7,15,0.467,1,1,1,1804,https://www.pro-football-reference.com/boxscores/202310050was.htm
2023,10/2/2023,n8CuHV9wbYCqF,New York,Giants,NYG,29,112,0,27,34,0.794,203,0,2,67.034,136,248,11,67,3,1,3,6,45,17,6,16,0.375,2,4,0.5,2160,https://www.pro-football-reference.com/boxscores/202310020nyg.htm
2023,10/2/2023,4M8AK5p0WXs1N,Seattle,Seahawks,SEA,23,121,1,15,26,0.577,173,1,0,90.705,160,281,2,13,0,0,0,8,74,13,3,12,0.25,0,2,0,1440,https://www.pro-football-reference.com/boxscores/202310020nyg.htm
2023,10/1/2023,zyhFXj1nywrm1,Baltimore,Ravens,BAL,33,131,2,15,19,0.789,186,2,0,142.544,165,296,3,21,2,1,1,8,92,16,4,12,0.333,1,1,1,1790,https://www.pro-football-reference.com/boxscores/202310010cle.htm
2023,10/1/2023,u98I1lDKQBwZ0,Los Angeles,Rams,LA,36,164,2,27,40,0.675,319,1,1,89.479,303,467,2,16,1,0,1,8,85,27,6,15,0.4,1,1,1,2386,https://www.pro-football-reference.com/boxscores/202310010clt.htm
2023,10/1/2023,oiGiwWPf0UqMC,Kansas City,Chiefs,KC,35,204,1,18,30,0.6,203,1,2,63.611,197,401,1,6,1,0,2,5,46,24,7,12,0.583,0,0,0,1929,https://www.pro-football-reference.com/boxscores/202310010nyj.htm
2023,10/1/2023,mfbu6O5aMHbJg,Miami,Dolphins,MIA,19,142,2,25,35,0.714,282,1,1,92.798,251,393,4,31,4,1,2,8,98,20,3,10,0.3,0,3,0,1778,https://www.pro-football-reference.com/boxscores/202310010buf.htm
2023,10/1/2023,mexvMWO2v1hWn,New York,Jets,NYJ,16,108,0,28,39,0.718,245,2,0,105.182,228,336,2,17,2,1,1,7,42,18,5,12,0.417,0,0,0,1671,https://www.pro-football-reference.com/boxscores/202310010nyj.htm
2023,10/1/2023,mLspw4gJNTQGN,Atlanta,Falcons,ATL,22,127,0,19,31,0.613,191,1,2,62.702,160,287,4,31,1,1,3,3,50,17,6,12,0.5,0,1,0,1629,https://www.pro-football-reference.com/boxscores/202310010jax.htm
2023,10/1/2023,ltMyRE3yvVUaw,Tennessee,Titans,TEN,33,173,1,19,26,0.731,242,2,1,111.378,227,400,3,15,3,0,1,5,27,23,8,13,0.615,1,1,1,2085,https://www.pro-football-reference.com/boxscores/202310010oti.htm
2023,10/1/2023,jJBGuksuDJF5L,Carolina,Panthers,CAR,31,83,0,25,32,0.781,204,0,0,93.229,149,232,5,55,2,1,1,6,80,20,5,14,0.357,2,3,0.667,2309,https://www.pro-football-reference.com/boxscores/202310010car.htm
2023,10/1/2023,hjjmgzxilGWdr,Philadelphia,Eagles,PHI,27,104,1,25,37,0.676,319,2,0,112.331,311,415,3,8,1,0,0,11,81,23,4,12,0.333,2,2,1,1855,https://www.pro-football-reference.com/boxscores/202310010phi.htm
2023,10/1/2023,VkxV91RtzHn65,New England,Patriots,NE,23,53,0,16,30,0.533,207,0,2,47.5,200,253,2,7,1,1,3,6,50,10,4,13,0.308,0,2,0,1491,https://www.pro-football-reference.com/boxscores/202310010dal.htm
2023,10/1/2023,UI0Ax4HUEXFh6,Houston,Texans,HOU,38,139,0,17,31,0.548,312,3,0,121.976,312,451,0,0,2,0,0,8,63,24,6,12,0.5,0,1,0,1955,https://www.pro-football-reference.com/boxscores/202310010htx.htm
2023,10/1/2023,SlVgURDFI7EXX,Pittsburgh,Steelers,PIT,25,114,0,18,28,0.643,132,0,1,60.417,111,225,3,21,2,0,1,2,18,12,6,14,0.429,0,1,0,1645,https://www.pro-football-reference.com/boxscores/202310010htx.htm
2023,10/1/2023,SjaMbkmeizJD4,Los Angeles,Chargers,LAC,37,155,2,13,24,0.542,167,1,1,72.743,150,305,2,17,1,0,1,4,34,16,5,14,0.357,1,2,0.5,1629,https://www.pro-football-reference.com/boxscores/202310010sdg.htm
2023,10/1/2023,RtOjnciWkJPaL,Jacksonville,Jaguars,JAC,32,105,0,23,30,0.767,207,1,0,105.833,195,300,2,12,2,0,0,3,25,16,5,14,0.357,1,2,0.5,1971,https://www.pro-football-reference.com/boxscores/202310010jax.htm
2023,10/1/2023,QMAZH1v922YLu,Tampa Bay,Buccaneers,TB,33,114,0,25,33,0.758,246,3,1,113.952,239,353,1,7,0,0,1,11,91,21,8,15,0.533,0,0,0,1871,https://www.pro-football-reference.com/boxscores/202310010nor.htm
2023,10/1/2023,LZoDld8s63xUs,Las Vegas,Raiders,LV,23,76,2,24,39,0.615,238,0,1,68.109,188,264,7,50,3,2,3,9,80,22,1,11,0.091,3,3,1,1971,https://www.pro-football-reference.com/boxscores/202310010sdg.htm
2023,10/1/2023,LJmHetie5VbbO,Indianapolis,Colts,IND,31,133,1,11,25,0.44,200,2,0,98.75,196,329,2,4,2,1,1,8,80,19,3,10,0.3,1,2,0.5,1465,https://www.pro-football-reference.com/boxscores/202310010clt.htm
2023,10/1/2023,KdjU81i7YSFE7,Dallas,Cowboys,DAL,30,124,1,30,36,0.833,281,1,0,108.449,253,377,3,28,2,0,0,5,32,22,8,15,0.533,0,1,0,2109,https://www.pro-football-reference.com/boxscores/202310010dal.htm
2023,10/1/2023,IwSI92ZDKoazn,San Francisco,49ers,SF,31,124,4,20,21,0.952,283,1,0,134.623,271,395,1,12,0,0,0,4,21,30,3,5,0.6,1,1,1,1754,https://www.pro-football-reference.com/boxscores/202310010sfo.htm
2023,10/1/2023,IR4gIYmh269EI,Cleveland,Browns,CLE,25,93,0,19,36,0.528,121,0,3,25.347,73,166,4,48,1,0,3,7,42,13,4,16,0.25,1,1,1,1810,https://www.pro-football-reference.com/boxscores/202310010cle.htm
2023,10/1/2023,GJizlkzQFaqGA,Arizona,Cardinals,ARI,25,105,0,28,41,0.683,265,2,0,102.185,257,362,1,8,1,0,0,9,55,23,8,15,0.533,2,3,0.667,1846,https://www.pro-football-reference.com/boxscores/202310010sfo.htm
2023,10/1/2023,CI5mhfNa0Zqd2,New Orleans,Saints,NO,19,70,0,24,39,0.615,140,0,1,57.639,127,197,3,13,2,2,3,7,58,16,5,14,0.357,1,2,0.5,1729,https://www.pro-football-reference.com/boxscores/202310010nor.htm
2023,10/1/2023,AzOs5UWsXusSW,Minnesota,Vikings,MIN,23,135,0,12,19,0.632,139,2,2,80.702,130,265,2,9,1,0,2,7,37,14,1,8,0.125,1,2,0.5,1291,https://www.pro-football-reference.com/boxscores/202310010car.htm
2023,10/1/2023,9JtBk8kFeaGEs,Washington,Football Team,WAS,28,107,2,29,41,0.707,290,1,0,98.628,258,365,5,32,2,0,0,7,41,26,8,17,0.471,2,2,1,2107,https://www.pro-football-reference.com/boxscores/202310010phi.htm
2023,10/1/2023,6DclFuycdPaOB,Denver,Broncos,DEN,19,97,0,21,28,0.75,223,3,0,133.482,214,311,1,9,0,0,0,7,39,17,6,11,0.545,0,0,0,1571,https://www.pro-football-reference.com/boxscores/202310010chi.htm
2023,10/1/2023,3VqeLK0LS9rpw,Buffalo,Bills,BUF,29,104,2,21,25,0.84,320,4,0,158.333,310,414,2,10,0,0,0,4,20,24,5,10,0.5,0,0,0,1822,https://www.pro-football-reference.com/boxscores/202310010buf.htm
2023,10/1/2023,22ZdibiqvfA2D,Cincinnati,Bengals,CIN,18,72,0,20,30,0.667,165,0,0,80.556,139,211,3,26,2,1,1,5,40,14,2,9,0.222,0,1,0,1515,https://www.pro-football-reference.com/boxscores/202310010oti.htm
2023,10/1/2023,1vVmWGzUZ1rea,Chicago,Bears,CHI,31,171,0,28,35,0.8,335,4,1,132.738,300,471,4,35,1,1,2,10,91,26,6,12,0.5,1,3,0.333,2029,https://www.pro-football-reference.com/boxscores/202310010chi.htm
2023,9/28/2023,FCuH1wdksA2DQ,Detroit,Lions,DET,43,211,3,19,28,0.679,210,1,1,86.905,190,401,2,20,0,0,1,8,70,25,7,17,0.412,2,2,1,2278,https://www.pro-football-reference.com/boxscores/202309280gnb.htm
2023,9/28/2023,D5QY6bOxfn8ZL,Green Bay,Packers,GB,12,27,1,23,36,0.639,246,1,2,69.907,203,230,5,43,2,0,2,4,31,15,3,11,0.273,1,1,1,1322,https://www.pro-football-reference.com/boxscores/202309280gnb.htm
2023,9/25/2023,u98I1lDKQBwZ0,Los Angeles,Rams,LA,13,71,0,18,33,0.545,269,1,2,66.351,221,292,6,48,0,0,2,4,28,15,1,11,0.091,1,1,1,1440,https://www.pro-football-reference.com/boxscores/202309250cin.htm
2023,9/25/2023,hjjmgzxilGWdr,Philadelphia,Eagles,PHI,40,201,1,23,37,0.622,277,1,2,71.565,271,472,1,6,0,0,2,3,20,27,10,16,0.625,2,3,0.667,2335,https://www.pro-football-reference.com/boxscores/202309250tam.htm
2023,9/25/2023,QMAZH1v922YLu,Tampa Bay,Buccaneers,TB,17,41,0,15,25,0.6,146,1,1,73.083,133,174,2,13,2,1,2,4,20,12,5,10,0.5,0,0,0,1265,https://www.pro-football-reference.com/boxscores/202309250tam.htm
2023,9/25/2023,22ZdibiqvfA2D,Cincinnati,Bengals,CIN,23,67,1,26,49,0.531,259,0,1,59.821,242,309,2,17,0,0,1,7,49,19,5,17,0.294,1,1,1,2160,https://www.pro-football-reference.com/boxscores/202309250cin.htm
2023,9/24/2023,zyhFXj1nywrm1,Baltimore,Ravens,BAL,37,186,2,22,31,0.71,202,0,0,88.374,178,364,4,24,4,2,2,1,5,20,6,16,0.375,0,1,0,1938,https://www.pro-football-reference.com/boxscores/202309240rav.htm
2023,9/24/2023,oiGiwWPf0UqMC,Kansas City,Chiefs,KC,37,153,2,27,38,0.711,303,3,2,98.904,303,456,0,0,0,0,2,3,15,31,10,14,0.714,0,0,0,2173,https://www.pro-football-reference.com/boxscores/202309240kan.htm
2023,9/24/2023,mfbu6O5aMHbJg,Miami,Dolphins,MIA,43,350,5,25,28,0.893,376,5,0,158.333,376,726,0,0,0,0,0,6,55,30,5,9,0.556,1,3,0.333,2001,https://www.pro-football-reference.com/boxscores/202309240mia.htm
2023,9/24/2023,mexvMWO2v1hWn,New York,Jets,NYJ,22,38,1,18,36,0.5,157,0,0,61.921,133,171,3,24,1,0,0,3,15,12,2,14,0.143,1,2,0.5,1688,https://www.pro-football-reference.com/boxscores/202309240nyj.htm
2023,9/24/2023,mLspw4gJNTQGN,Atlanta,Falcons,ATL,20,44,0,21,38,0.553,201,0,0,70.175,139,183,7,62,1,1,1,4,24,16,4,14,0.286,0,1,0,1623,https://www.pro-football-reference.com/boxscores/202309240det.htm
2023,9/24/2023,ltMyRE3yvVUaw,Tennessee,Titans,TEN,15,26,0,13,25,0.52,104,0,0,62.75,68,94,5,36,1,0,0,8,80,6,2,12,0.167,1,1,1,1291,https://www.pro-football-reference.com/boxscores/202309240cle.htm
2023,9/24/2023,jJBGuksuDJF5L,Carolina,Panthers,CAR,14,44,1,34,58,0.586,361,2,0,88.362,334,378,3,27,0,0,0,13,82,23,10,19,0.526,0,1,0,1772,https://www.pro-football-reference.com/boxscores/202309240sea.htm
2023,9/24/2023,VkxV91RtzHn65,New England,Patriots,NE,40,157,0,15,29,0.517,201,1,0,85.56,201,358,0,0,0,0,0,6,43,17,8,19,0.421,0,0,0,1912,https://www.pro-football-reference.com/boxscores/202309240nyj.htm
2023,9/24/2023,UI0Ax4HUEXFh6,Houston,Texans,HOU,26,86,1,20,30,0.667,280,2,0,118.75,280,366,0,0,0,0,0,8,75,15,9,15,0.6,0,0,0,1677,https://www.pro-football-reference.com/boxscores/202309240jax.htm
2023,9/24/2023,SlVgURDFI7EXX,Pittsburgh,Steelers,PIT,31,105,0,16,28,0.571,235,2,0,108.482,228,333,1,7,0,0,0,6,45,17,6,15,0.4,0,0,0,1803,https://www.pro-football-reference.com/boxscores/202309240rai.htm
2023,9/24/2023,SjaMbkmeizJD4,Los Angeles,Chargers,LAC,15,30,0,41,48,0.854,454,4,0,133.854,445,475,1,9,4,1,1,12,94,24,5,11,0.455,1,2,0.5,1607,https://www.pro-football-reference.com/boxscores/202309240min.htm
2023,9/24/2023,RtOjnciWkJPaL,Jacksonville,Jaguars,JAC,27,116,1,29,42,0.69,288,1,1,86.21,288,404,0,0,1,1,2,6,49,22,5,13,0.385,0,1,0,1923,https://www.pro-football-reference.com/boxscores/202309240jax.htm
2023,9/24/2023,LZoDld8s63xUs,Las Vegas,Raiders,LV,19,69,0,28,44,0.636,324,2,3,72.538,293,362,4,31,1,0,3,7,60,19,4,13,0.308,1,2,0.5,1797,https://www.pro-football-reference.com/boxscores/202309240rai.htm
2023,9/24/2023,LJmHetie5VbbO,Indianapolis,Colts,IND,35,139,0,27,44,0.614,227,1,0,82.292,188,327,5,39,1,0,0,6,31,19,8,22,0.364,0,1,0,2193,https://www.pro-football-reference.com/boxscores/202309240rav.htm
2023,9/24/2023,KdjU81i7YSFE7,Dallas,Cowboys,DAL,33,185,0,25,40,0.625,249,1,1,78.021,231,416,2,18,0,0,1,13,107,26,9,16,0.562,0,1,0,2073,https://www.pro-football-reference.com/boxscores/202309240crd.htm
2023,9/24/2023,IR4gIYmh269EI,Cleveland,Browns,CLE,31,78,1,27,33,0.818,289,2,0,123.359,263,341,3,26,3,1,1,5,46,23,6,13,0.462,1,1,1,2309,https://www.pro-football-reference.com/boxscores/202309240cle.htm
2023,9/24/2023,GJizlkzQFaqGA,Arizona,Cardinals,ARI,30,222,2,17,21,0.81,189,1,0,120.04,178,400,2,11,0,0,0,8,69,20,5,10,0.5,0,0,0,1527,https://www.pro-football-reference.com/boxscores/202309240crd.htm
2023,9/24/2023,FCuH1wdksA2DQ,Detroit,Lions,DET,31,115,1,22,33,0.667,243,1,1,85.795,243,358,0,0,0,0,1,10,119,18,4,14,0.286,0,0,0,1977,https://www.pro-football-reference.com/boxscores/202309240det.htm
2023,9/24/2023,D5QY6bOxfn8ZL,Green Bay,Packers,GB,26,95,1,22,44,0.5,259,1,1,66.383,245,340,1,14,1,0,1,11,90,21,8,18,0.444,1,3,0.333,1955,https://www.pro-football-reference.com/boxscores/202309240gnb.htm
2023,9/24/2023,CI5mhfNa0Zqd2,New Orleans,Saints,NO,22,77,0,23,34,0.676,204,1,0,93.26,175,252,4,29,0,0,0,7,102,15,4,14,0.286,1,1,1,1645,https://www.pro-football-reference.com/boxscores/202309240gnb.htm
2023,9/24/2023,AzOs5UWsXusSW,Minnesota,Vikings,MIN,24,130,0,32,50,0.64,367,3,1,97.667,345,475,4,22,1,1,2,6,45,29,4,14,0.286,2,3,0.667,1993,https://www.pro-football-reference.com/boxscores/202309240min.htm
2023,9/24/2023,9JtBk8kFeaGEs,Washington,Football Team,WAS,13,105,0,19,29,0.655,170,0,4,41.523,125,230,9,45,1,1,5,2,15,15,1,9,0.111,0,1,0,1521,https://www.pro-football-reference.com/boxscores/202309240was.htm
2023,9/24/2023,6DclFuycdPaOB,Denver,Broncos,DEN,20,69,0,23,38,0.605,306,1,1,83.882,294,363,1,12,3,2,3,7,46,16,3,12,0.25,0,1,0,1599,https://www.pro-football-reference.com/boxscores/202309240mia.htm
2023,9/24/2023,4M8AK5p0WXs1N,Seattle,Seahawks,SEA,33,146,2,23,36,0.639,296,1,1,87.269,279,425,2,17,0,0,1,8,82,27,3,13,0.231,1,1,1,1828,https://www.pro-football-reference.com/boxscores/202309240sea.htm
2023,9/24/2023,3VqeLK0LS9rpw,Buffalo,Bills,BUF,33,168,2,20,32,0.625,218,1,1,79.948,218,386,0,0,0,0,1,6,45,20,9,15,0.6,0,1,0,2079,https://www.pro-football-reference.com/boxscores/202309240was.htm
2023,9/24/2023,1vVmWGzUZ1rea,Chicago,Bears,CHI,26,116,0,11,22,0.5,99,1,1,58.712,87,203,3,12,1,1,2,6,32,11,4,12,0.333,1,2,0.5,1427,https://www.pro-football-reference.com/boxscores/202309240kan.htm
2023,9/21/2023,n8CuHV9wbYCqF,New York,Giants,NYG,11,29,1,22,33,0.667,137,0,1,62.311,121,150,2,16,0,0,1,6,37,10,3,12,0.25,0,0,0,1250,https://www.pro-football-reference.com/boxscores/202309210sfo.htm
2023,9/21/2023,IwSI92ZDKoazn,San Francisco,49ers,SF,39,141,1,25,37,0.676,310,2,0,111.318,300,441,2,10,1,0,0,6,71,26,9,16,0.562,0,0,0,2350,https://www.pro-football-reference.com/boxscores/202309210sfo.htm
2023,9/18/2023,jJBGuksuDJF5L,Carolina,Panthers,CAR,19,100,0,22,33,0.667,153,1,0,87.058,139,239,4,14,1,1,1,6,35,14,4,14,0.286,1,1,1,1631,https://www.pro-football-reference.com/boxscores/202309180car.htm
2023,9/18/2023,SlVgURDFI7EXX,Pittsburgh,Steelers,PIT,21,55,0,15,30,0.5,222,1,1,71.806,200,255,2,22,1,1,2,5,31,9,4,14,0.286,0,0,0,1472,https://www.pro-football-reference.com/boxscores/202309180pit.htm
2023,9/18/2023,IR4gIYmh269EI,Cleveland,Browns,CLE,35,198,1,22,40,0.55,235,1,1,70.312,210,408,6,25,4,3,4,8,81,20,5,16,0.312,0,2,0,2128,https://www.pro-football-reference.com/boxscores/202309180pit.htm
2023,9/18/2023,CI5mhfNa0Zqd2,New Orleans,Saints,NO,33,134,2,22,37,0.595,236,0,1,66.948,207,341,4,29,0,0,1,3,32,23,7,16,0.438,0,0,0,1969,https://www.pro-football-reference.com/boxscores/202309180car.htm
2023,9/17/2023,zyhFXj1nywrm1,Baltimore,Ravens,BAL,37,178,1,24,33,0.727,237,2,0,112.816,237,415,0,0,0,0,0,6,56,26,9,14,0.643,0,0,0,1984,https://www.pro-football-reference.com/boxscores/202309170cin.htm
2023,9/17/2023,u98I1lDKQBwZ0,Los Angeles,Rams,LA,22,89,1,34,55,0.618,307,1,2,67.765,297,386,1,10,0,0,2,6,55,28,7,14,0.5,1,2,0.5,1991,https://www.pro-football-reference.com/boxscores/202309170ram.htm
2023,9/17/2023,oiGiwWPf0UqMC,Kansas City,Chiefs,KC,22,101,0,29,41,0.707,305,2,1,98.12,298,399,1,7,4,2,3,12,94,19,4,13,0.308,2,2,1,1909,https://www.pro-football-reference.com/boxscores/202309170jax.htm
2023,9/17/2023,n8CuHV9wbYCqF,New York,Giants,NYG,27,127,2,26,37,0.703,321,2,1,103.547,312,439,3,9,0,0,1,9,75,26,7,12,0.583,1,1,1,1763,https://www.pro-football-reference.com/boxscores/202309170crd.htm
2023,9/17/2023,mfbu6O5aMHbJg,Miami,Dolphins,MIA,30,145,2,21,30,0.7,249,1,1,92.222,244,389,1,5,2,0,1,6,46,22,4,10,0.4,0,0,0,1819,https://www.pro-football-reference.com/boxscores/202309170nwe.htm
2023,9/17/2023,mexvMWO2v1hWn,New York,Jets,NYJ,16,64,0,12,27,0.444,170,1,3,38.117,151,215,3,19,1,1,4,5,29,12,1,10,0.1,1,1,1,1065,https://www.pro-football-reference.com/boxscores/202309170dal.htm
2023,9/17/2023,mLspw4gJNTQGN,Atlanta,Falcons,ATL,45,211,1,19,32,0.594,237,1,1,79.818,235,446,1,2,0,0,1,6,110,27,6,15,0.4,3,4,0.75,2175,https://www.pro-football-reference.com/boxscores/202309170atl.htm
2023,9/17/2023,ltMyRE3yvVUaw,Tennessee,Titans,TEN,34,141,2,20,24,0.833,246,1,0,123.264,200,341,5,46,0,0,0,7,45,22,6,13,0.462,0,1,0,2209,https://www.pro-football-reference.com/boxscores/202309170oti.htm
2023,9/17/2023,VkxV91RtzHn65,New England,Patriots,NE,25,88,1,31,42,0.738,231,1,1,84.524,200,288,4,31,1,1,2,5,45,23,7,15,0.467,1,2,0.5,1781,https://www.pro-football-reference.com/boxscores/202309170nwe.htm
2023,9/17/2023,UI0Ax4HUEXFh6,Houston,Texans,HOU,26,52,0,30,47,0.638,384,2,0,103.502,337,389,6,47,3,1,1,3,20,24,9,19,0.474,2,2,1,2098,https://www.pro-football-reference.com/boxscores/202309170htx.htm
2023,9/17/2023,SjaMbkmeizJD4,Los Angeles,Chargers,LAC,21,61,0,27,41,0.659,305,2,0,104.217,281,342,3,24,0,0,0,4,43,19,2,14,0.143,3,3,1,1689,https://www.pro-football-reference.com/boxscores/202309170oti.htm
2023,9/17/2023,RtOjnciWkJPaL,Jacksonville,Jaguars,JAC,18,74,0,23,42,0.548,215,0,0,69.048,197,271,4,18,3,1,1,2,10,18,3,12,0.25,0,2,0,1691,https://www.pro-football-reference.com/boxscores/202309170jax.htm
2023,9/17/2023,QMAZH1v922YLu,Tampa Bay,Buccaneers,TB,34,120,1,26,34,0.765,317,1,0,114.461,317,437,0,0,2,0,0,7,54,19,8,15,0.533,1,1,1,2156,https://www.pro-football-reference.com/boxscores/202309170tam.htm
2023,9/17/2023,LZoDld8s63xUs,Las Vegas,Raiders,LV,15,55,0,16,24,0.667,185,1,2,68.924,185,240,0,0,1,1,3,2,30,13,3,7,0.429,0,0,0,1196,https://www.pro-football-reference.com/boxscores/202309170buf.htm
2023,9/17/2023,LJmHetie5VbbO,Indianapolis,Colts,IND,23,126,3,25,33,0.758,227,1,0,103.977,227,353,0,0,1,0,0,8,42,19,6,12,0.5,0,0,0,1502,https://www.pro-football-reference.com/boxscores/202309170htx.htm
2023,9/17/2023,KdjU81i7YSFE7,Dallas,Cowboys,DAL,44,134,0,31,38,0.816,255,2,0,112.171,248,382,1,7,1,0,0,6,38,26,9,18,0.5,0,0,0,2535,https://www.pro-football-reference.com/boxscores/202309170dal.htm
2023,9/17/2023,IwSI92ZDKoazn,San Francisco,49ers,SF,28,159,3,17,25,0.68,206,0,0,93.083,206,365,1,0,2,0,0,6,57,21,2,9,0.222,0,0,0,1609,https://www.pro-football-reference.com/boxscores/202309170ram.htm
2023,9/17/2023,GJizlkzQFaqGA,Arizona,Cardinals,ARI,29,151,2,21,31,0.677,228,1,0,99.933,228,379,0,0,0,0,0,8,57,24,4,10,0.4,0,0,0,1837,https://www.pro-football-reference.com/boxscores/202309170crd.htm
2023,9/17/2023,FCuH1wdksA2DQ,Detroit,Lions,DET,27,102,1,28,35,0.8,323,3,1,121.786,316,418,2,7,2,2,3,4,24,25,6,11,0.545,1,3,0.333,1848,https://www.pro-football-reference.com/boxscores/202309170det.htm
2023,9/17/2023,D5QY6bOxfn8ZL,Green Bay,Packers,GB,21,84,0,14,25,0.56,151,3,0,113.5,140,224,1,11,0,0,0,7,40,17,3,9,0.333,0,1,0,1425,https://www.pro-football-reference.com/boxscores/202309170atl.htm
2023,9/17/2023,9JtBk8kFeaGEs,Washington,Football Team,WAS,23,122,2,27,39,0.692,299,2,0,108.814,266,388,4,33,2,0,0,8,71,26,3,10,0.3,1,1,1,2025,https://www.pro-football-reference.com/boxscores/202309170den.htm
2023,9/17/2023,6DclFuycdPaOB,Denver,Broncos,DEN,23,122,1,18,32,0.562,308,3,1,107.292,277,399,7,31,1,1,2,9,58,21,4,12,0.333,2,2,1,1575,https://www.pro-football-reference.com/boxscores/202309170den.htm
2023,9/17/2023,4M8AK5p0WXs1N,Seattle,Seahawks,SEA,25,82,2,32,41,0.78,328,2,0,116.26,311,393,1,17,0,0,0,9,80,28,5,11,0.455,1,1,1,2011,https://www.pro-football-reference.com/boxscores/202309170det.htm
2023,9/17/2023,3VqeLK0LS9rpw,Buffalo,Bills,BUF,35,183,2,31,37,0.838,274,3,0,124.55,267,450,2,7,0,0,0,4,30,29,7,13,0.538,3,4,0.75,2404,https://www.pro-football-reference.com/boxscores/202309170buf.htm
2023,9/17/2023,22ZdibiqvfA2D,Cincinnati,Bengals,CIN,15,66,0,27,41,0.659,222,2,1,85.62,216,282,1,6,0,0,1,5,30,19,10,15,0.667,1,1,1,1616,https://www.pro-football-reference.com/boxscores/202309170cin.htm
2023,9/17/2023,1vVmWGzUZ1rea,Chicago,Bears,CHI,16,67,1,16,29,0.552,211,1,2,61.135,169,236,6,42,2,0,2,5,28,14,6,13,0.462,0,0,0,1444,https://www.pro-football-reference.com/boxscores/202309170tam.htm
2023,9/14/2023,hjjmgzxilGWdr,Philadelphia,Eagles,PHI,48,259,3,18,23,0.783,193,1,1,98.007,171,430,4,22,1,0,1,7,45,24,6,14,0.429,1,1,1,2368,https://www.pro-football-reference.com/boxscores/202309140phi.htm
2023,9/14/2023,AzOs5UWsXusSW,Minnesota,Vikings,MIN,9,28,0,31,44,0.705,364,4,0,125.568,346,374,2,18,4,4,4,2,15,19,6,10,0.6,1,1,1,1232,https://www.pro-football-reference.com/boxscores/202309140phi.htm
2023,9/11/2023,mexvMWO2v1hWn,New York,Jets,NYJ,28,172,0,14,22,0.636,140,1,1,77.841,117,289,3,23,1,0,1,2,10,13,5,13,0.385,1,1,1,1670,https://www.pro-football-reference.com/boxscores/202309110nyj.htm
2023,9/11/2023,3VqeLK0LS9rpw,Buffalo,Bills,BUF,22,97,0,29,41,0.707,236,1,3,62.652,217,314,5,19,2,1,4,5,40,19,5,13,0.385,0,0,0,1988,https://www.pro-football-reference.com/boxscores/202309110nyj.htm
2023,9/10/2023,zyhFXj1nywrm1,Baltimore,Ravens,BAL,32,110,3,17,22,0.773,169,0,1,79.545,155,265,4,14,2,1,2,13,106,18,8,15,0.533,0,0,0,1855,https://www.pro-football-reference.com/boxscores/202309100rav.htm
2023,9/10/2023,u98I1lDKQBwZ0,Los Angeles,Rams,LA,40,92,3,24,38,0.632,334,0,0,91.338,334,426,0,0,0,0,0,7,53,27,11,17,0.647,1,1,1,2363,https://www.pro-football-reference.com/boxscores/202309100sea.htm
2023,9/10/2023,n8CuHV9wbYCqF,New York,Giants,NYG,28,108,0,17,30,0.567,110,0,2,36.806,63,171,7,47,5,1,3,6,72,14,5,16,0.312,3,5,0.6,2008,https://www.pro-football-reference.com/boxscores/202309100nyg.htm
2023,9/10/2023,mfbu6O5aMHbJg,Miami,Dolphins,MIA,20,70,1,28,45,0.622,466,3,1,110.046,466,536,0,0,2,1,2,6,38,30,4,9,0.444,1,1,1,1639,https://www.pro-football-reference.com/boxscores/202309100sdg.htm
2023,9/10/2023,mLspw4gJNTQGN,Atlanta,Falcons,ATL,26,130,2,15,18,0.833,115,1,0,111.806,91,221,4,24,1,0,0,6,43,13,2,10,0.2,0,0,0,1519,https://www.pro-football-reference.com/boxscores/202309100atl.htm
2023,9/10/2023,ltMyRE3yvVUaw,Tennessee,Titans,TEN,22,104,0,16,34,0.471,198,0,3,28.799,181,285,3,17,0,0,3,6,45,16,2,12,0.167,0,0,0,1880,https://www.pro-football-reference.com/boxscores/202309100nor.htm
2023,9/10/2023,jJBGuksuDJF5L,Carolina,Panthers,CAR,32,154,0,20,38,0.526,146,1,2,48.794,127,281,2,19,2,1,3,9,66,20,5,14,0.357,0,2,0,2081,https://www.pro-football-reference.com/boxscores/202309100atl.htm
2023,9/10/2023,hjjmgzxilGWdr,Philadelphia,Eagles,PHI,25,97,0,22,33,0.667,170,1,0,89.205,154,251,3,16,1,1,1,5,49,17,4,13,0.308,0,1,0,1848,https://www.pro-football-reference.com/boxscores/202309100nwe.htm
2023,9/10/2023,VkxV91RtzHn65,New England,Patriots,NE,22,76,0,35,54,0.648,316,3,1,91.281,306,382,2,10,2,1,2,7,50,24,5,15,0.333,1,4,0.25,1752,https://www.pro-football-reference.com/boxscores/202309100nwe.htm
2023,9/10/2023,UI0Ax4HUEXFh6,Houston,Texans,HOU,23,72,0,28,44,0.636,242,0,0,78.03,196,268,5,46,1,1,1,9,88,18,7,18,0.389,1,4,0.25,1745,https://www.pro-football-reference.com/boxscores/202309100rav.htm
2023,9/10/2023,SlVgURDFI7EXX,Pittsburgh,Steelers,PIT,10,41,0,31,46,0.674,232,1,2,68.388,198,239,5,34,0,0,2,6,60,15,5,15,0.333,1,3,0.333,1357,https://www.pro-football-reference.com/boxscores/202309100pit.htm
2023,9/10/2023,SjaMbkmeizJD4,Los Angeles,Chargers,LAC,40,233,3,23,33,0.697,229,1,0,99.179,200,433,3,29,0,0,0,6,70,30,9,15,0.6,0,1,0,1961,https://www.pro-football-reference.com/boxscores/202309100sdg.htm
2023,9/10/2023,RtOjnciWkJPaL,Jacksonville,Jaguars,JAC,35,105,2,24,32,0.75,241,2,1,103.776,237,342,2,4,3,1,2,4,45,20,3,12,0.25,1,3,0.333,2017,https://www.pro-football-reference.com/boxscores/202309100clt.htm
2023,9/10/2023,QMAZH1v922YLu,Tampa Bay,Buccaneers,TB,33,73,0,21,34,0.618,173,2,0,94.363,169,242,1,4,0,0,0,3,19,16,6,17,0.353,1,1,1,1839,https://www.pro-football-reference.com/boxscores/202309100min.htm
2023,9/10/2023,LZoDld8s63xUs,Las Vegas,Raiders,LV,29,61,0,20,26,0.769,200,2,1,107.853,200,261,0,0,1,0,1,10,97,22,5,11,0.455,1,1,1,1672,https://www.pro-football-reference.com/boxscores/202309100den.htm
2023,9/10/2023,LJmHetie5VbbO,Indianapolis,Colts,IND,26,65,1,24,39,0.615,223,1,1,75.053,215,280,4,8,2,2,3,4,35,18,2,12,0.167,1,5,0.2,1583,https://www.pro-football-reference.com/boxscores/202309100clt.htm
2023,9/10/2023,KdjU81i7YSFE7,Dallas,Cowboys,DAL,30,122,3,13,25,0.52,143,0,0,69.25,143,265,0,0,1,0,0,5,35,18,6,13,0.462,1,2,0.5,1592,https://www.pro-football-reference.com/boxscores/202309100nyg.htm
2023,9/10/2023,IwSI92ZDKoazn,San Francisco,49ers,SF,34,188,1,19,29,0.655,220,2,0,111.279,203,391,3,17,3,1,1,11,85,22,6,13,0.462,1,1,1,2243,https://www.pro-football-reference.com/boxscores/202309100pit.htm
2023,9/10/2023,IR4gIYmh269EI,Cleveland,Browns,CLE,40,206,1,16,29,0.552,154,1,1,67.313,144,350,3,10,2,1,2,5,43,21,4,14,0.286,0,0,0,2150,https://www.pro-football-reference.com/boxscores/202309100cle.htm
2023,9/10/2023,GJizlkzQFaqGA,Arizona,Cardinals,ARI,25,96,0,21,30,0.7,132,0,0,78.75,114,210,3,18,3,2,2,9,122,13,4,14,0.286,0,1,0,1716,https://www.pro-football-reference.com/boxscores/202309100was.htm
2023,9/10/2023,D5QY6bOxfn8ZL,Green Bay,Packers,GB,32,92,1,15,27,0.556,245,3,0,123.225,237,329,1,8,2,0,0,9,90,15,9,16,0.562,1,2,0.5,1757,https://www.pro-football-reference.com/boxscores/202309100chi.htm
2023,9/10/2023,CI5mhfNa0Zqd2,New Orleans,Saints,NO,27,69,0,23,33,0.697,305,1,1,96.149,282,351,4,23,2,1,2,7,45,15,7,16,0.438,0,0,0,1720,https://www.pro-football-reference.com/boxscores/202309100nor.htm
2023,9/10/2023,AzOs5UWsXusSW,Minnesota,Vikings,MIN,17,41,0,33,44,0.75,344,2,1,102.841,328,369,2,16,2,2,3,6,45,18,6,14,0.429,0,0,0,1761,https://www.pro-football-reference.com/boxscores/202309100min.htm
2023,9/10/2023,9JtBk8kFeaGEs,Washington,Football Team,WAS,28,92,1,19,31,0.613,202,1,1,77.621,156,248,6,46,2,2,3,8,70,21,4,12,0.333,0,0,0,1884,https://www.pro-football-reference.com/boxscores/202309100was.htm
2023,9/10/2023,6DclFuycdPaOB,Denver,Broncos,DEN,22,94,0,27,34,0.794,177,2,0,107.966,166,260,2,11,0,0,0,10,83,22,5,11,0.455,0,0,0,1928,https://www.pro-football-reference.com/boxscores/202309100den.htm
2023,9/10/2023,4M8AK5p0WXs1N,Seattle,Seahawks,SEA,18,85,0,16,26,0.615,112,1,0,84.135,95,180,2,17,0,0,0,7,55,13,2,9,0.222,0,0,0,1237,https://www.pro-football-reference.com/boxscores/202309100sea.htm
2023,9/10/2023,22ZdibiqvfA2D,Cincinnati,Bengals,CIN,20,75,0,14,32,0.438,82,0,0,51.042,67,142,2,15,0,0,0,4,20,6,2,15,0.133,0,1,0,1450,https://www.pro-football-reference.com/boxscores/202309100cle.htm
2023,9/10/2023,1vVmWGzUZ1rea,Chicago,Bears,CHI,29,122,1,24,37,0.649,216,1,1,78.209,189,311,4,27,1,1,2,7,61,22,3,13,0.231,1,2,0.5,1843,https://www.pro-football-reference.com/boxscores/202309100chi.htm
2023,9/7/2023,oiGiwWPf0UqMC,Kansas City,Chiefs,KC,23,90,0,21,39,0.538,226,2,1,77.511,226,316,0,0,0,0,1,3,25,17,5,14,0.357,0,1,0,1642,https://www.pro-football-reference.com/boxscores/202309070kan.htm
2023,9/7/2023,FCuH1wdksA2DQ,Detroit,Lions,DET,34,118,1,22,35,0.629,253,1,0,94.107,250,368,1,3,2,1,1,4,63,19,5,15,0.333,1,3,0.333,1958,https://www.pro-football-reference.com/boxscores/202309070kan.htm
